{"type":"FeatureCollection","name":"neptune_city_road_centerlines","metadata":{"source":"NJOGIS NG911 Road Centerlines (Tran_road)","url":"https://services2.arcgis.com/XVOqAjTOJ5P6ngMu/arcgis/rest/services/Tran_road/FeatureServer/0","query_url":"https://services2.arcgis.com/XVOqAjTOJ5P6ngMu/arcgis/rest/services/Tran_road/FeatureServer/0/query","retrieved_at_utc":"2026-09-04T20:05:45.415310+00:00","source_last_edit_date":1785341586960,"out_sr":4326,"query_envelope_wgs84":[-74.0519724,40.1902703,-74.0196779,40.2073069],"spatial_relationship":"esriSpatialRelIntersects","boundary_file":"neptune_city_boundary.geojson","boundary_sha256":"79efceba96cc1eaa771fd60e8c8e751546053e7e2c2681c1e9222241ab404a87","fields":["OBJECTID","PRIMENAME","ELEVTYP_F","ELEVTYP_T"],"feature_count":768,"complete_objectid_inventory_verified":true,"municipal_clipping":"Envelope selection only; clip against the actual municipal boundary in the application."},"features":[{"type":"Feature","id":565,"properties":{"OBJECTID":565,"PRIMENAME":"West Sylvania Avenue","ELEVTYP_F":0,"ELEVTYP_T":0},"geometry":{"type":"LineString","coordinates":[[-74.037504940445,40.2009644779113],[-74.0376980661151,40.2010526038891],[-74.0379588845088,40.2011740247547]]}},{"type":"Feature","id":1048,"properties":{"OBJECTID":1048,"PRIMENAME":"FR CO 40 A SB TO NJ 35 SB","ELEVTYP_F":0,"ELEVTYP_T":0},"geometry":{"type":"LineString","coordinates":[[-74.0237762297181,40.1912711137495],[-74.0238505207908,40.1911653657427],[-74.0239368654645,40.1910625539173],[-74.0239588628797,40.1910406516094],[-74.0239821079143,40.1910195207484],[-74.0240065546245,40.1909992030983],[-74.024032154692,40.1909797388157],[-74.0240588575188,40.1909611663706],[-74.0240866103277,40.1909435224702],[-74.0241153582663,40.1909268419866],[-74.0241450445154,40.1909111578876],[-74.0243023938525,40.1908361721602]]}},{"type":"Feature","id":1144,"properties":{"OBJECTID":1144,"PRIMENAME":"State Highway 35","ELEVTYP_F":0,"ELEVTYP_T":0},"geometry":{"type":"LineString","coordinates":[[-74.0286036401909,40.1976970178688],[-74.0285999819446,40.1975865343847],[-74.028439978705,40.1973592406751],[-74.028332930918,40.1972071715616],[-74.028025295177,40.196779425947],[-74.0280087469626,40.1967564183039],[-74.0279092882582,40.1966438517795]]}},{"type":"Feature","id":1311,"properties":{"OBJECTID":1311,"PRIMENAME":"Glenmere Avenue","ELEVTYP_F":0,"ELEVTYP_T":0},"geometry":{"type":"LineString","coordinates":[[-74.0493105046839,40.1910507633278],[-74.0490965800394,40.1910080371887]]}},{"type":"Feature","id":1516,"properties":{"OBJECTID":1516,"PRIMENAME":"Hampton Court","ELEVTYP_F":0,"ELEVTYP_T":0},"geometry":{"type":"LineString","coordinates":[[-74.0503799301028,40.1905801827442],[-74.0503431215085,40.1904352003145],[-74.0499494063493,40.1888847087814],[-74.0499284379985,40.1888021865911]]}},{"type":"Feature","id":1565,"properties":{"OBJECTID":1565,"PRIMENAME":"Railroad Avenue","ELEVTYP_F":0,"ELEVTYP_T":0},"geometry":{"type":"LineString","coordinates":[[-74.0221309205226,40.1944635486783],[-74.0222874660887,40.1940148500419],[-74.0223051805132,40.1939544725629]]}},{"type":"Feature","id":2463,"properties":{"OBJECTID":2463,"PRIMENAME":"Unnamed Segment","ELEVTYP_F":0,"ELEVTYP_T":0},"geometry":{"type":"LineString","coordinates":[[-74.0472264301785,40.2031241549263],[-74.0472734320427,40.2033251556666],[-74.0474874320519,40.2039741549842]]}},{"type":"Feature","id":2640,"properties":{"OBJECTID":2640,"PRIMENAME":"Prospect Avenue","ELEVTYP_F":0,"ELEVTYP_T":0},"geometry":{"type":"LineString","coordinates":[[-74.0438680280297,40.1905423001612],[-74.0447328989803,40.1906991652649]]}},{"type":"Feature","id":2861,"properties":{"OBJECTID":2861,"PRIMENAME":"Boston Road","ELEVTYP_F":0,"ELEVTYP_T":0},"geometry":{"type":"LineString","coordinates":[[-74.0269248985892,40.1921447147186],[-74.0269571411483,40.1921514349087],[-74.0270102939076,40.1921626880575]]}},{"type":"Feature","id":2914,"properties":{"OBJECTID":2914,"PRIMENAME":"Pinewood Drive","ELEVTYP_F":0,"ELEVTYP_T":0},"geometry":{"type":"LineString","coordinates":[[-74.0499284379985,40.1888021865911],[-74.0499872979494,40.188789513219],[-74.0500867046677,40.1887946758686],[-74.050210700892,40.1888380667911],[-74.0504893894941,40.1889868717899],[-74.0506380125583,40.1890684888908],[-74.0507555922306,40.1891404318705],[-74.0508235482212,40.1891978794709],[-74.050854182137,40.189269512895],[-74.0509095371244,40.1893650425719],[-74.0509761673176,40.1896178928806],[-74.0511034726024,40.1901045182659],[-74.0511337566431,40.1902238077082],[-74.0511766874812,40.190314513688],[-74.0512382324082,40.1904053179268],[-74.0513369721951,40.1905010164509],[-74.0515285297511,40.1906733653285],[-74.0516820120038,40.1908114704636]]}},{"type":"Feature","id":4247,"properties":{"OBJECTID":4247,"PRIMENAME":"Unnamed Segment","ELEVTYP_F":0,"ELEVTYP_T":0},"geometry":{"type":"LineString","coordinates":[[-74.0400901659561,40.2033011106871],[-74.0400124273366,40.2034141551746],[-74.0399484286852,40.2035191553573],[-74.0398624279718,40.2036751542475],[-74.0397004283536,40.2038041549351]]}},{"type":"Feature","id":4379,"properties":{"OBJECTID":4379,"PRIMENAME":"Memorial Drive","ELEVTYP_F":0,"ELEVTYP_T":0},"geometry":{"type":"LineString","coordinates":[[-74.0197139431006,40.2022922506039],[-74.0198154182815,40.2020155154958]]}},{"type":"Feature","id":4841,"properties":{"OBJECTID":4841,"PRIMENAME":"Ely Road","ELEVTYP_F":0,"ELEVTYP_T":0},"geometry":{"type":"LineString","coordinates":[[-74.0526547437637,40.1978406916931],[-74.0510568925146,40.1975594031318],[-74.0509555164507,40.1975415503633]]}},{"type":"Feature","id":4860,"properties":{"OBJECTID":4860,"PRIMENAME":"Stanley Avenue","ELEVTYP_F":0,"ELEVTYP_T":0},"geometry":{"type":"LineString","coordinates":[[-74.0391270345591,40.2060967286357],[-74.0389275773307,40.2064491963404],[-74.0388869263733,40.2065210324171]]}},{"type":"Feature","id":4947,"properties":{"OBJECTID":4947,"PRIMENAME":"9th Avenue","ELEVTYP_F":0,"ELEVTYP_T":0},"geometry":{"type":"LineString","coordinates":[[-74.0183684275257,40.206346510065],[-74.0185012929373,40.2063675972352],[-74.0205774101913,40.2066969978759]]}},{"type":"Feature","id":4974,"properties":{"OBJECTID":4974,"PRIMENAME":"Hobart Place","ELEVTYP_F":0,"ELEVTYP_T":0},"geometry":{"type":"LineString","coordinates":[[-74.0404492406541,40.1948857876619],[-74.0410768190239,40.1949990206164]]}},{"type":"Feature","id":5054,"properties":{"OBJECTID":5054,"PRIMENAME":"Lincoln Avenue","ELEVTYP_F":0,"ELEVTYP_T":0},"geometry":{"type":"LineString","coordinates":[[-74.0283842697071,40.1951444869059],[-74.0284649400612,40.1951888224791],[-74.0300809339885,40.1960771159898],[-74.0301609278161,40.1961210909644]]}},{"type":"Feature","id":5541,"properties":{"OBJECTID":5541,"PRIMENAME":"Park Place","ELEVTYP_F":0,"ELEVTYP_T":0},"geometry":{"type":"LineString","coordinates":[[-74.042828796331,40.1964042520248],[-74.0427845280559,40.1961353437886],[-74.0427671864129,40.1959350904313],[-74.0427683226652,40.1959150819264]]}},{"type":"Feature","id":5688,"properties":{"OBJECTID":5688,"PRIMENAME":"West End Avenue","ELEVTYP_F":0,"ELEVTYP_T":0},"geometry":{"type":"LineString","coordinates":[[-74.020676620383,40.1954981548285],[-74.0207481222723,40.1955473718859]]}},{"type":"Feature","id":6085,"properties":{"OBJECTID":6085,"PRIMENAME":"Belle Place","ELEVTYP_F":0,"ELEVTYP_T":0},"geometry":{"type":"LineString","coordinates":[[-74.0259853401998,40.1949135860692],[-74.0260809499053,40.1948121004157],[-74.0275523457248,40.193250076012],[-74.0276122835122,40.193186466362]]}},{"type":"Feature","id":6199,"properties":{"OBJECTID":6199,"PRIMENAME":"Springdale Avenue","ELEVTYP_F":0,"ELEVTYP_T":0},"geometry":{"type":"LineString","coordinates":[[-74.0392795089492,40.2023761666027],[-74.0391965775937,40.2025182708436],[-74.0391175665152,40.2026536553917],[-74.0389281425637,40.2029782297783],[-74.03879386304,40.2032239173963]]}},{"type":"Feature","id":6718,"properties":{"OBJECTID":6718,"PRIMENAME":"Unnamed Segment","ELEVTYP_F":0,"ELEVTYP_T":0},"geometry":{"type":"LineString","coordinates":[[-74.0242376858423,40.1964898285726],[-74.0241303000955,40.1964674521734],[-74.0234538497924,40.1963264736731],[-74.0233712015743,40.196309249381]]}},{"type":"Feature","id":7329,"properties":{"OBJECTID":7329,"PRIMENAME":"West Sylvania Avenue","ELEVTYP_F":0,"ELEVTYP_T":0},"geometry":{"type":"LineString","coordinates":[[-74.036354938282,40.2004395142366],[-74.0371054124133,40.2007820788403]]}},{"type":"Feature","id":7615,"properties":{"OBJECTID":7615,"PRIMENAME":"Holmes Court","ELEVTYP_F":0,"ELEVTYP_T":0},"geometry":{"type":"LineString","coordinates":[[-74.0408844301071,40.2051041557904],[-74.0409174280253,40.2052131546409],[-74.0409213583912,40.2052297137945],[-74.0410344290451,40.2057061553473],[-74.0410214306136,40.2057431548023],[-74.0409974292982,40.2057661555976],[-74.0409644309564,40.2057811551571],[-74.0399744288802,40.2059161557359],[-74.0397924294057,40.2059291567797]]}},{"type":"Feature","id":7824,"properties":{"OBJECTID":7824,"PRIMENAME":"Pittenger Place","ELEVTYP_F":0,"ELEVTYP_T":0},"geometry":{"type":"LineString","coordinates":[[-74.0478617924861,40.1984751411597],[-74.0480371267794,40.1978955870009],[-74.0480652592645,40.1977995858503]]}},{"type":"Feature","id":8252,"properties":{"OBJECTID":8252,"PRIMENAME":"Seaboard Way","ELEVTYP_F":0,"ELEVTYP_T":0},"geometry":{"type":"LineString","coordinates":[[-74.0233712015743,40.196309249381],[-74.0231832062954,40.1968067128741],[-74.0231594239518,40.1968696458954]]}},{"type":"Feature","id":9235,"properties":{"OBJECTID":9235,"PRIMENAME":"FR RAMP A100830 to NJ 33 EB","ELEVTYP_F":0,"ELEVTYP_T":0},"geometry":{"type":"LineString","coordinates":[[-74.0506200111846,40.2067034583899],[-74.0506116576407,40.2066595937641],[-74.0506043330808,40.2066156211692],[-74.0505980398665,40.2065715547937],[-74.0505927800263,40.2065274088566],[-74.0505834337673,40.2064842657703],[-74.0505725400835,40.2064413365966],[-74.0505601072559,40.206398653957],[-74.0505461447349,40.2063562502854],[-74.0505333485796,40.2063211495368],[-74.0505195042075,40.2062862834192]]}},{"type":"Feature","id":11466,"properties":{"OBJECTID":11466,"PRIMENAME":"Poplar Place","ELEVTYP_F":0,"ELEVTYP_T":0},"geometry":{"type":"LineString","coordinates":[[-74.0233944470568,40.1988538718082],[-74.0232933141882,40.1988327561039],[-74.0229198749753,40.1987548774756],[-74.0224306294288,40.1986528448383],[-74.0223467625903,40.1986353409852]]}},{"type":"Feature","id":11608,"properties":{"OBJECTID":11608,"PRIMENAME":"FR RAMP B100840 to RAMP A200830","ELEVTYP_F":0,"ELEVTYP_T":0},"geometry":{"type":"LineString","coordinates":[[-74.0505220749034,40.2067806315215],[-74.050529507197,40.2067769328404],[-74.0505367925477,40.206773066113],[-74.0505439244941,40.2067690347686],[-74.0505508967109,40.2067648423825],[-74.0505577030147,40.2067604926729],[-74.050564337369,40.2067559894977],[-74.0505707938898,40.2067513368505],[-74.0505770668511,40.2067465388578],[-74.0505831506893,40.2067415997749],[-74.0505890400088,40.2067365239822],[-74.0505947295865,40.2067313159814],[-74.0506002143764,40.2067259803914],[-74.0506054895142,40.2067205219443],[-74.0506105503213,40.2067149454812],[-74.0506153923095,40.2067092559477],[-74.0506200111846,40.2067034583899]]}},{"type":"Feature","id":14782,"properties":{"OBJECTID":14782,"PRIMENAME":"FR NJ 33 WB to NJ 18 NB","ELEVTYP_F":0,"ELEVTYP_T":0},"geometry":{"type":"LineString","coordinates":[[-74.0500786206604,40.2067763832867],[-74.0501478343214,40.2068203226069],[-74.0502184045486,40.2068629746133],[-74.050290290624,40.2069043146946],[-74.0503634510702,40.2069443189969],[-74.0504697630712,40.2070062594409],[-74.0505769894394,40.2070672664078],[-74.0506851162335,40.2071273319644],[-74.0507941293952,40.2071864482998]]}},{"type":"Feature","id":15325,"properties":{"OBJECTID":15325,"PRIMENAME":"Riverview Avenue","ELEVTYP_F":0,"ELEVTYP_T":0},"geometry":{"type":"LineString","coordinates":[[-74.0264885516374,40.1926251359426],[-74.0265868323007,40.1926742112621],[-74.0276122835122,40.193186466362]]}},{"type":"Feature","id":17471,"properties":{"OBJECTID":17471,"PRIMENAME":"Neptune Avenue","ELEVTYP_F":0,"ELEVTYP_T":0},"geometry":{"type":"LineString","coordinates":[[-74.033892785125,40.2055878295144],[-74.0338898210232,40.2055029885879],[-74.0338853810939,40.2053760208401]]}},{"type":"Feature","id":18046,"properties":{"OBJECTID":18046,"PRIMENAME":"Neptune Avenue","ELEVTYP_F":0,"ELEVTYP_T":0},"geometry":{"type":"LineString","coordinates":[[-74.0338515260398,40.2044082183845],[-74.0338414970319,40.2041212712346],[-74.0338346826587,40.2038093550393],[-74.033835457365,40.2036962534029],[-74.0338493747751,40.2036140887787],[-74.0339184407716,40.2033264441158],[-74.0339481851595,40.203186474029]]}},{"type":"Feature","id":19197,"properties":{"OBJECTID":19197,"PRIMENAME":"North Riverside Drive","ELEVTYP_F":0,"ELEVTYP_T":0},"geometry":{"type":"LineString","coordinates":[[-74.0497793605435,40.2023494243185],[-74.0499906701036,40.2023871690849],[-74.0505782286874,40.202495858191]]}},{"type":"Feature","id":19885,"properties":{"OBJECTID":19885,"PRIMENAME":"5th Avenue","ELEVTYP_F":0,"ELEVTYP_T":0},"geometry":{"type":"LineString","coordinates":[[-74.0197139431006,40.2022922506039],[-74.0198613554345,40.2023158950365],[-74.0220302409954,40.2026639092362]]}},{"type":"Feature","id":21386,"properties":{"OBJECTID":21386,"PRIMENAME":"Neptune Boulevard","ELEVTYP_F":0,"ELEVTYP_T":0},"geometry":{"type":"LineString","coordinates":[[-74.0365053622505,40.2073548175508],[-74.0361448484528,40.2080202505195],[-74.0361436429777,40.2081288479043]]}},{"type":"Feature","id":23004,"properties":{"OBJECTID":23004,"PRIMENAME":"Railroad Avenue","ELEVTYP_F":0,"ELEVTYP_T":0},"geometry":{"type":"LineString","coordinates":[[-74.0224886914087,40.1934683582666],[-74.0226994255582,40.1928774578901],[-74.0226859270844,40.1928761656092]]}},{"type":"Feature","id":23013,"properties":{"OBJECTID":23013,"PRIMENAME":"Lakewood Road","ELEVTYP_F":0,"ELEVTYP_T":0},"geometry":{"type":"LineString","coordinates":[[-74.0416924655253,40.1970265689842],[-74.041948453481,40.1969635973305],[-74.0422082915966,40.1968996775138],[-74.0424758245876,40.1968338636833],[-74.0426887576004,40.196778902847],[-74.0431087526945,40.1966704951773]]}},{"type":"Feature","id":28510,"properties":{"OBJECTID":28510,"PRIMENAME":"Forrest Street","ELEVTYP_F":0,"ELEVTYP_T":0},"geometry":{"type":"LineString","coordinates":[[-74.0235835545659,40.1983311839535],[-74.0234834310243,40.1983092772733],[-74.0226394359191,40.198124695235],[-74.0225835504033,40.1981196875975],[-74.0225639019735,40.1981271199863]]}},{"type":"Feature","id":28582,"properties":{"OBJECTID":28582,"PRIMENAME":"Prospect Street","ELEVTYP_F":0,"ELEVTYP_T":0},"geometry":{"type":"LineString","coordinates":[[-74.0354637767065,40.2037836742687],[-74.0353550482063,40.2037408513071],[-74.0340718385733,40.203235233479],[-74.0339481851595,40.203186474029]]}},{"type":"Feature","id":28876,"properties":{"OBJECTID":28876,"PRIMENAME":"FR NJ 18 NB to NJ 33 WB","ELEVTYP_F":0,"ELEVTYP_T":0},"geometry":{"type":"LineString","coordinates":[[-74.0511704697368,40.2072910477931],[-74.0511127618901,40.2072421584395],[-74.0510621595234,40.2071888426202],[-74.0510192360837,40.2071317045501],[-74.0509844779905,40.2070713917593],[-74.0509633807899,40.2070201974642],[-74.0509460825203,40.2069681724552],[-74.0509326382269,40.2069154823084],[-74.0509230906887,40.2068622947163],[-74.0509205078589,40.2068260440844],[-74.0509213366604,40.206789744964],[-74.0509255727838,40.2067535858581],[-74.0509331942253,40.2067177545428],[-74.0509441614011,40.2066824370912],[-74.0509584173534,40.2066478169079],[-74.0509758880456,40.2066140737762],[-74.0509964827476,40.2065813829246],[-74.0510192009564,40.2065515462884],[-74.0510445024974,40.2065229578431],[-74.0510722711825,40.2064957488671],[-74.0511023794948,40.2064700443044],[-74.0511346891742,40.2064459621902],[-74.0511690518529,40.2064236131096],[-74.0512053097357,40.2064030996894],[-74.0512432963253,40.206384516127],[-74.0513279801787,40.2063586322651],[-74.0514148353138,40.2063373951803],[-74.0515034286124,40.2063209107744],[-74.0515933182899,40.2063092612496],[-74.0516505561427,40.2063044214838],[-74.0517080185418,40.2063015436004],[-74.0518853543117,40.2062849656313],[-74.0520634530879,40.2062742235535],[-74.0522419883467,40.2062693370616],[-74.0524206327641,40.2062703151149]]}},{"type":"Feature","id":35291,"properties":{"OBJECTID":35291,"PRIMENAME":"Avondale Avenue","ELEVTYP_F":0,"ELEVTYP_T":0},"geometry":{"type":"LineString","coordinates":[[-74.032660889041,40.1988105018811],[-74.0326347427169,40.1988851495702],[-74.0326030461178,40.1989755879772],[-74.0325010437609,40.1993516884558],[-74.0324820833136,40.1994278476317]]}},{"type":"Feature","id":40095,"properties":{"OBJECTID":40095,"PRIMENAME":"Unnamed Segment","ELEVTYP_F":0,"ELEVTYP_T":0},"geometry":{"type":"LineString","coordinates":[[-74.0482633363644,40.2050385643521],[-74.0482924308903,40.2049231557084],[-74.0482984316345,40.2047441540587],[-74.0482884308086,40.2046791548591],[-74.0482794314968,40.2046501558834],[-74.0482854308574,40.2046251540809],[-74.048308432593,40.2045921548924],[-74.048359431591,40.2045511543704],[-74.0487504315836,40.2043061549601]]}},{"type":"Feature","id":40142,"properties":{"OBJECTID":40142,"PRIMENAME":"5th Avenue","ELEVTYP_F":0,"ELEVTYP_T":0},"geometry":{"type":"LineString","coordinates":[[-74.020417550359,40.1921072327458],[-74.0203652361019,40.1925056006468],[-74.0203495935554,40.1926274529757]]}},{"type":"Feature","id":42551,"properties":{"OBJECTID":42551,"PRIMENAME":"Steiner Avenue","ELEVTYP_F":0,"ELEVTYP_T":0},"geometry":{"type":"LineString","coordinates":[[-74.0264885516374,40.1926251359426],[-74.0266254555398,40.1924789614736],[-74.0268509401754,40.1922272916794],[-74.0269248985892,40.1921447147186]]}},{"type":"Feature","id":42950,"properties":{"OBJECTID":42950,"PRIMENAME":"Highland Avenue","ELEVTYP_F":0,"ELEVTYP_T":0},"geometry":{"type":"LineString","coordinates":[[-74.0428593345533,40.1917819543685],[-74.0433978812972,40.1918759630175],[-74.0446765685907,40.1921050134428],[-74.0453306782144,40.1922360070633]]}},{"type":"Feature","id":43217,"properties":{"OBJECTID":43217,"PRIMENAME":"Berry Avenue","ELEVTYP_F":0,"ELEVTYP_T":0},"geometry":{"type":"LineString","coordinates":[[-74.0221224409919,40.1910764919335],[-74.0222080903915,40.1910833240091]]}},{"type":"Feature","id":43324,"properties":{"OBJECTID":43324,"PRIMENAME":"4th Avenue","ELEVTYP_F":0,"ELEVTYP_T":0},"geometry":{"type":"LineString","coordinates":[[-74.0271230836502,40.2024141703368],[-74.0269978431268,40.2023939204084],[-74.0262851666009,40.2022786705969]]}},{"type":"Feature","id":43508,"properties":{"OBJECTID":43508,"PRIMENAME":"West Sylvania Avenue","ELEVTYP_F":0,"ELEVTYP_T":0},"geometry":{"type":"LineString","coordinates":[[-74.0295014487858,40.1973872996458],[-74.029974568637,40.1976022256296]]}},{"type":"Feature","id":43894,"properties":{"OBJECTID":43894,"PRIMENAME":"Forest Drive","ELEVTYP_F":0,"ELEVTYP_T":0},"geometry":{"type":"LineString","coordinates":[[-74.0487840094277,40.1928597087676],[-74.0486019576666,40.1934024782385],[-74.0485952593545,40.193478688876],[-74.048588683608,40.1935310978456],[-74.0486006306029,40.1936026310231],[-74.0486497890731,40.1936934162086],[-74.0487971521997,40.1939608571112],[-74.0488438615683,40.1940429033204]]}},{"type":"Feature","id":43956,"properties":{"OBJECTID":43956,"PRIMENAME":"7th Avenue","ELEVTYP_F":0,"ELEVTYP_T":0},"geometry":{"type":"LineString","coordinates":[[-74.0263998457023,40.2054836232273],[-74.0275730664514,40.2056823429501],[-74.0291750967188,40.2059319075775],[-74.0292712316652,40.2059474523707]]}},{"type":"Feature","id":43971,"properties":{"OBJECTID":43971,"PRIMENAME":"Beverly Way","ELEVTYP_F":0,"ELEVTYP_T":0},"geometry":{"type":"LineString","coordinates":[[-74.04211033585,40.1945090488011],[-74.0419746767102,40.1944661489015],[-74.0418761384685,40.1944349883359],[-74.0418455899073,40.1944297507067]]}},{"type":"Feature","id":43979,"properties":{"OBJECTID":43979,"PRIMENAME":"Berry Avenue","ELEVTYP_F":0,"ELEVTYP_T":0},"geometry":{"type":"LineString","coordinates":[[-74.0230167805607,40.1911399850423],[-74.0230681885763,40.1911435878823],[-74.0232461914912,40.1911560703749],[-74.0232615396901,40.1911571495421]]}},{"type":"Feature","id":44093,"properties":{"OBJECTID":44093,"PRIMENAME":"Atkins Avenue","ELEVTYP_F":0,"ELEVTYP_T":0},"geometry":{"type":"LineString","coordinates":[[-74.0220714856347,40.2025517133326],[-74.0220302409954,40.2026639092362]]}},{"type":"Feature","id":44593,"properties":{"OBJECTID":44593,"PRIMENAME":"Moore Road","ELEVTYP_F":0,"ELEVTYP_T":0},"geometry":{"type":"LineString","coordinates":[[-74.0506512106941,40.1953672474739],[-74.0507232260481,40.1953800175434],[-74.0531939612144,40.1958185272927],[-74.0532665823163,40.1958318475301]]}},{"type":"Feature","id":44843,"properties":{"OBJECTID":44843,"PRIMENAME":"Memorial Drive","ELEVTYP_F":0,"ELEVTYP_T":0},"geometry":{"type":"LineString","coordinates":[[-74.0204369462089,40.2002848405045],[-74.0207042206308,40.199520157767],[-74.0207229839644,40.1994433404342]]}},{"type":"Feature","id":44937,"properties":{"OBJECTID":44937,"PRIMENAME":"Hawthorne Avenue","ELEVTYP_F":0,"ELEVTYP_T":0},"geometry":{"type":"LineString","coordinates":[[-74.0335155469925,40.20099662239],[-74.0334508675727,40.2013286752124],[-74.0333802612624,40.2016739638056]]}},{"type":"Feature","id":44949,"properties":{"OBJECTID":44949,"PRIMENAME":"Laird Avenue","ELEVTYP_F":0,"ELEVTYP_T":0},"geometry":{"type":"LineString","coordinates":[[-74.0227905188871,40.1951620009627],[-74.0225587306817,40.1958088724021]]}},{"type":"Feature","id":44973,"properties":{"OBJECTID":44973,"PRIMENAME":"Hillcrest Avenue","ELEVTYP_F":0,"ELEVTYP_T":0},"geometry":{"type":"LineString","coordinates":[[-74.0422355168112,40.1930938664085],[-74.0431704986374,40.1932629345045]]}},{"type":"Feature","id":45158,"properties":{"OBJECTID":45158,"PRIMENAME":"Evergreen Avenue","ELEVTYP_F":0,"ELEVTYP_T":0},"geometry":{"type":"LineString","coordinates":[[-74.0274126428981,40.2007248777572],[-74.0289408182327,40.2009672539616],[-74.0290511461441,40.2009848057506]]}},{"type":"Feature","id":45661,"properties":{"OBJECTID":45661,"PRIMENAME":"Memorial Drive","ELEVTYP_F":0,"ELEVTYP_T":0},"geometry":{"type":"LineString","coordinates":[[-74.0231418116764,40.1927602469004],[-74.023161834316,40.1927075381219]]}},{"type":"Feature","id":46013,"properties":{"OBJECTID":46013,"PRIMENAME":"Overbrook Place","ELEVTYP_F":0,"ELEVTYP_T":0},"geometry":{"type":"LineString","coordinates":[[-74.0487504315836,40.2043061549601],[-74.0489374300374,40.2041751548457],[-74.0492374303771,40.2039841548013],[-74.049392430962,40.2039091539166],[-74.0494304322935,40.2039091541245],[-74.0494604304843,40.2039251542618],[-74.0498274341985,40.2043391554335],[-74.0498924307696,40.2044041548999],[-74.0502904308913,40.2046121550581],[-74.0504534314704,40.2047421555238]]}},{"type":"Feature","id":46025,"properties":{"OBJECTID":46025,"PRIMENAME":"Norwood Avenue","ELEVTYP_F":0,"ELEVTYP_T":0},"geometry":{"type":"LineString","coordinates":[[-74.0210193358209,40.1947793265385],[-74.0209287311946,40.1947688496607]]}},{"type":"Feature","id":46150,"properties":{"OBJECTID":46150,"PRIMENAME":"Atkins Avenue","ELEVTYP_F":0,"ELEVTYP_T":0},"geometry":{"type":"LineString","coordinates":[[-74.0227529692295,40.2006456673673],[-74.0226983081215,40.20079858353]]}},{"type":"Feature","id":46199,"properties":{"OBJECTID":46199,"PRIMENAME":"Elmwood Drive","ELEVTYP_F":0,"ELEVTYP_T":0},"geometry":{"type":"LineString","coordinates":[[-74.0462914513487,40.1942498313805],[-74.0461839832822,40.194309009614],[-74.0443874357301,40.1952980715732],[-74.0443447495155,40.1953215678986]]}},{"type":"Feature","id":46411,"properties":{"OBJECTID":46411,"PRIMENAME":"West Sylvania Avenue","ELEVTYP_F":0,"ELEVTYP_T":0},"geometry":{"type":"LineString","coordinates":[[-74.0456658078906,40.2048526214031],[-74.046316543719,40.2048870268186],[-74.0464940272743,40.2048964110744]]}},{"type":"Feature","id":46610,"properties":{"OBJECTID":46610,"PRIMENAME":"Albany Road","ELEVTYP_F":0,"ELEVTYP_T":0},"geometry":{"type":"LineString","coordinates":[[-74.0272785576236,40.1913741358546],[-74.0276251435219,40.1914499202159],[-74.0279082737879,40.1915118274831],[-74.0281235538232,40.1915589359311]]}},{"type":"Feature","id":47004,"properties":{"OBJECTID":47004,"PRIMENAME":"5th Avenue","ELEVTYP_F":0,"ELEVTYP_T":0},"geometry":{"type":"LineString","coordinates":[[-74.0352628458783,40.2046071594692],[-74.0358386691109,40.2048294195994],[-74.0364178256261,40.2050516082503]]}},{"type":"Feature","id":47055,"properties":{"OBJECTID":47055,"PRIMENAME":"West Sylvania Avenue","ELEVTYP_F":0,"ELEVTYP_T":0},"geometry":{"type":"LineString","coordinates":[[-74.0473022711004,40.2049315657108],[-74.0475612877382,40.2049425677253],[-74.0478035854388,40.2049625664275],[-74.0480892889467,40.2049970367769],[-74.0482633363644,40.2050385643521]]}},{"type":"Feature","id":47429,"properties":{"OBJECTID":47429,"PRIMENAME":"Adams Way","ELEVTYP_F":0,"ELEVTYP_T":0},"geometry":{"type":"LineString","coordinates":[[-74.0408844301071,40.2051041557904],[-74.0415664282922,40.2050111558411],[-74.041617430073,40.2049951555975],[-74.0416734309378,40.2049631548482],[-74.0417004298044,40.2049261558029],[-74.0417144308711,40.204874155918],[-74.0417074292425,40.2048311561731],[-74.0416844279724,40.2047861548334],[-74.0416454298896,40.2047481550314],[-74.0412494276758,40.2045131552422],[-74.041143429823,40.2044651552541],[-74.040756428743,40.2043471563032]]}},{"type":"Feature","id":47591,"properties":{"OBJECTID":47591,"PRIMENAME":"5th Avenue","ELEVTYP_F":0,"ELEVTYP_T":0},"geometry":{"type":"LineString","coordinates":[[-74.0298156521175,40.2039041184494],[-74.0309788714062,40.204085244059],[-74.0327711953652,40.2043643036068],[-74.0329094439297,40.2043993969393]]}},{"type":"Feature","id":47713,"properties":{"OBJECTID":47713,"PRIMENAME":"North Riverside Drive","ELEVTYP_F":0,"ELEVTYP_T":0},"geometry":{"type":"LineString","coordinates":[[-74.0446149610184,40.1978849208946],[-74.0446061893244,40.1979813279086],[-74.0445740673615,40.1981432265702],[-74.0445358668793,40.1982717745481],[-74.0444447363225,40.1985687276795]]}},{"type":"Feature","id":47809,"properties":{"OBJECTID":47809,"PRIMENAME":"Wilson Road","ELEVTYP_F":0,"ELEVTYP_T":0},"geometry":{"type":"LineString","coordinates":[[-74.0474540521647,40.1998114780405],[-74.0490822070128,40.2001016096216],[-74.0495396350871,40.2001841557554]]}},{"type":"Feature","id":47930,"properties":{"OBJECTID":47930,"PRIMENAME":"FR NJ 33 EB to RAMP B100840","ELEVTYP_F":0,"ELEVTYP_T":0},"geometry":{"type":"LineString","coordinates":[[-74.0505220749034,40.2067806315215],[-74.0505470119781,40.2068703885645],[-74.0505604311749,40.206900754624],[-74.0505753338543,40.2069307112378],[-74.0505916988325,40.2069602158192],[-74.0506095028466,40.2069892264241],[-74.0506354375035,40.2070270671641],[-74.0506638196612,40.2070638608044],[-74.0506933848349,40.2070963273321],[-74.0507250107291,40.2071276314621],[-74.0507586197395,40.2071576963769],[-74.0507941293952,40.2071864482998]]}},{"type":"Feature","id":47959,"properties":{"OBJECTID":47959,"PRIMENAME":"Wilson Road","ELEVTYP_F":0,"ELEVTYP_T":0},"geometry":{"type":"LineString","coordinates":[[-74.0495396350871,40.2001841557554],[-74.0496609512661,40.2002060629104],[-74.050485245697,40.2003549083803],[-74.0517331090396,40.2005789560204],[-74.0518131033528,40.2005933216779]]}},{"type":"Feature","id":48068,"properties":{"OBJECTID":48068,"PRIMENAME":"Valley Road","ELEVTYP_F":0,"ELEVTYP_T":0},"geometry":{"type":"LineString","coordinates":[[-74.0429518836699,40.1951073547711],[-74.0429406483067,40.1951064871959],[-74.0427545251132,40.1950485134151],[-74.0425623412088,40.1949762946309],[-74.0424569892027,40.1949329971621],[-74.0423766731779,40.194861193133],[-74.0422967431247,40.1947321797033],[-74.0422291064173,40.1946222659042],[-74.0422237025217,40.1946166819672],[-74.0422160428182,40.1946087680702],[-74.0421550522947,40.1945457372207],[-74.04211033585,40.1945090488011]]}},{"type":"Feature","id":48085,"properties":{"OBJECTID":48085,"PRIMENAME":"Washington Avenue","ELEVTYP_F":0,"ELEVTYP_T":0},"geometry":{"type":"LineString","coordinates":[[-74.0291958709254,40.190925110392],[-74.0287457483507,40.1908289242276],[-74.0275683854786,40.1905773261583]]}},{"type":"Feature","id":48498,"properties":{"OBJECTID":48498,"PRIMENAME":"Union Avenue","ELEVTYP_F":0,"ELEVTYP_T":0},"geometry":{"type":"LineString","coordinates":[[-74.0316838194036,40.1983720888229],[-74.0312117093169,40.1988460409948],[-74.0311614214779,40.1989220730924],[-74.0311230383262,40.1990839705055],[-74.0310898042641,40.1992049567287]]}},{"type":"Feature","id":49102,"properties":{"OBJECTID":49102,"PRIMENAME":"Lakewood Road","ELEVTYP_F":0,"ELEVTYP_T":0},"geometry":{"type":"LineString","coordinates":[[-74.0488438615683,40.1940429033204],[-74.0490580249886,40.1939809534806],[-74.0504279798984,40.1935764141558],[-74.0505956882857,40.193539427901]]}},{"type":"Feature","id":49267,"properties":{"OBJECTID":49267,"PRIMENAME":"Neptune Avenue","ELEVTYP_F":0,"ELEVTYP_T":0},"geometry":{"type":"LineString","coordinates":[[-74.0340987025269,40.2024802574868],[-74.0342925171536,40.2015731259451],[-74.0343707623872,40.2012409894239],[-74.0343984209583,40.2011177011637],[-74.0344666847639,40.2009466171173],[-74.034876216363,40.1998789301551],[-74.034903883585,40.1998067586283]]}},{"type":"Feature","id":50134,"properties":{"OBJECTID":50134,"PRIMENAME":"Elizabeth Terrace","ELEVTYP_F":0,"ELEVTYP_T":0},"geometry":{"type":"LineString","coordinates":[[-74.051361492183,40.1964007112564],[-74.0512569796253,40.1964353901647],[-74.049625010747,40.1969771447131],[-74.0495200290611,40.1970119850452]]}},{"type":"Feature","id":50457,"properties":{"OBJECTID":50457,"PRIMENAME":"Lakewood Road","ELEVTYP_F":0,"ELEVTYP_T":0},"geometry":{"type":"LineString","coordinates":[[-74.0431087526945,40.1966704951773],[-74.043640082171,40.1965334061174],[-74.043814487196,40.1964816589379],[-74.0440077905457,40.1963823285361],[-74.0441965523837,40.1962732094083],[-74.044269856306,40.1962308330451],[-74.0445925071926,40.1960540916153],[-74.0446997733981,40.1959953347049]]}},{"type":"Feature","id":50761,"properties":{"OBJECTID":50761,"PRIMENAME":"Marine Place","ELEVTYP_F":0,"ELEVTYP_T":0},"geometry":{"type":"LineString","coordinates":[[-74.0215965364109,40.1901103200873],[-74.0215279799599,40.190625707507]]}},{"type":"Feature","id":50933,"properties":{"OBJECTID":50933,"PRIMENAME":"McDermott Avenue","ELEVTYP_F":0,"ELEVTYP_T":0},"geometry":{"type":"LineString","coordinates":[[-74.0478617924861,40.1984751411597],[-74.044733602958,40.1979064714304],[-74.0446149610184,40.1978849208946]]}},{"type":"Feature","id":51261,"properties":{"OBJECTID":51261,"PRIMENAME":"5th Avenue","ELEVTYP_F":0,"ELEVTYP_T":0},"geometry":{"type":"LineString","coordinates":[[-74.0258193337423,40.203271013045],[-74.0271085282977,40.2034733693456]]}},{"type":"Feature","id":51378,"properties":{"OBJECTID":51378,"PRIMENAME":"South Riverside Drive","ELEVTYP_F":0,"ELEVTYP_T":0},"geometry":{"type":"LineString","coordinates":[[-74.039018503728,40.1918139698902],[-74.0390285561222,40.1919206084413],[-74.0390881882355,40.1925296356829]]}},{"type":"Feature","id":51420,"properties":{"OBJECTID":51420,"PRIMENAME":"Corlies Avenue","ELEVTYP_F":0,"ELEVTYP_T":0},"geometry":{"type":"LineString","coordinates":[[-74.0420695035631,40.2073159061688],[-74.0417781710535,40.2073556042259],[-74.0415597818135,40.2073859532533]]}},{"type":"Feature","id":51856,"properties":{"OBJECTID":51856,"PRIMENAME":"West Sylvania Avenue","ELEVTYP_F":0,"ELEVTYP_T":0},"geometry":{"type":"LineString","coordinates":[[-74.042470790398,40.2046291735582],[-74.0425779861999,40.2046560616783],[-74.0427517999015,40.2046901309313],[-74.0429567553844,40.20471476944],[-74.0431454587821,40.2047274320411]]}},{"type":"Feature","id":52290,"properties":{"OBJECTID":52290,"PRIMENAME":"West Sylvania Avenue","ELEVTYP_F":0,"ELEVTYP_T":0},"geometry":{"type":"LineString","coordinates":[[-74.032660889041,40.1988105018811],[-74.0333036751588,40.1990995238142]]}},{"type":"Feature","id":52850,"properties":{"OBJECTID":52850,"PRIMENAME":"Riverdale Avenue","ELEVTYP_F":0,"ELEVTYP_T":0},"geometry":{"type":"LineString","coordinates":[[-74.0378548619309,40.2030798898546],[-74.0376798398015,40.2037358287827],[-74.037450276205,40.2045880286212],[-74.0374279434003,40.2046709832591]]}},{"type":"Feature","id":56772,"properties":{"OBJECTID":56772,"PRIMENAME":"Green Avenue","ELEVTYP_F":0,"ELEVTYP_T":0},"geometry":{"type":"LineString","coordinates":[[-74.0285187384284,40.1936392588036],[-74.0284503651842,40.1937112900937],[-74.0267912164892,40.1954584405877],[-74.0266936795273,40.1955693895291]]}},{"type":"Feature","id":56960,"properties":{"OBJECTID":56960,"PRIMENAME":"Hawthorne Avenue","ELEVTYP_F":0,"ELEVTYP_T":0},"geometry":{"type":"LineString","coordinates":[[-74.0338087412558,40.1996358810405],[-74.033784886884,40.1997524582783],[-74.033661174394,40.2003090276917]]}},{"type":"Feature","id":57034,"properties":{"OBJECTID":57034,"PRIMENAME":"Holly Street","ELEVTYP_F":0,"ELEVTYP_T":0},"geometry":{"type":"LineString","coordinates":[[-74.0234871555317,40.1960025049317],[-74.0233712015743,40.196309249381]]}},{"type":"Feature","id":57467,"properties":{"OBJECTID":57467,"PRIMENAME":"Overlook Drive","ELEVTYP_F":0,"ELEVTYP_T":0},"geometry":{"type":"LineString","coordinates":[[-74.0505260380267,40.1957768208376],[-74.0505094229977,40.1957557003478],[-74.0504542622703,40.1956410914337],[-74.0503989065937,40.195550337912],[-74.0503434264068,40.195478634956],[-74.0502507379656,40.1953925135271],[-74.0501579342937,40.1953348862301],[-74.0500401819277,40.1952820489523],[-74.0499099495072,40.1952434117118],[-74.0497981751238,40.1952286734651],[-74.0496676870755,40.1952233896552],[-74.0495076508222,40.1952363834014]]}},{"type":"Feature","id":57916,"properties":{"OBJECTID":57916,"PRIMENAME":"Summit Road","ELEVTYP_F":0,"ELEVTYP_T":0},"geometry":{"type":"LineString","coordinates":[[-74.0423016981155,40.1945541962054],[-74.0423856256364,40.1944561103429],[-74.0425359791358,40.1942803488191],[-74.0426486436438,40.1941568728009],[-74.0426989704708,40.1940617558783],[-74.0427306556559,40.1939760917401],[-74.0427374247419,40.193890329179],[-74.0427255181123,40.1938187676481],[-74.0427072839891,40.1937567354821],[-74.0426828856009,40.1936851795417],[-74.0426089922435,40.1935847955908],[-74.0423071245968,40.1931879827767],[-74.0422355168112,40.1930938664085]]}},{"type":"Feature","id":58198,"properties":{"OBJECTID":58198,"PRIMENAME":"Bradley Street","ELEVTYP_F":0,"ELEVTYP_T":0},"geometry":{"type":"LineString","coordinates":[[-74.0266446935434,40.1955248805593],[-74.0265291464203,40.1956003420981],[-74.0262607215591,40.195775599601],[-74.0261734625922,40.195808597157],[-74.0261049562549,40.195827368705],[-74.0260303219708,40.1958365895907],[-74.0259495908768,40.1958267325963],[-74.0254789537915,40.1957267993233]]}},{"type":"Feature","id":58252,"properties":{"OBJECTID":58252,"PRIMENAME":"Victor Place","ELEVTYP_F":0,"ELEVTYP_T":0},"geometry":{"type":"LineString","coordinates":[[-74.0480085155205,40.1943001975567],[-74.048054217063,40.1943830363404],[-74.0485393666191,40.1952619310192],[-74.0485770410659,40.1953301599558]]}},{"type":"Feature","id":58422,"properties":{"OBJECTID":58422,"PRIMENAME":"Atkins Avenue","ELEVTYP_F":0,"ELEVTYP_T":0},"geometry":{"type":"LineString","coordinates":[[-74.0220302409954,40.2026639092362],[-74.0216859632085,40.2036007887016],[-74.0216602570019,40.203672004982]]}},{"type":"Feature","id":58594,"properties":{"OBJECTID":58594,"PRIMENAME":"5th Avenue","ELEVTYP_F":0,"ELEVTYP_T":0},"geometry":{"type":"LineString","coordinates":[[-74.0271085282977,40.2034733693456],[-74.0277665934472,40.2035766690544],[-74.0291884762623,40.2038064465249],[-74.0298156521175,40.2039041184494]]}},{"type":"Feature","id":59438,"properties":{"OBJECTID":59438,"PRIMENAME":"Oak Drive","ELEVTYP_F":0,"ELEVTYP_T":0},"geometry":{"type":"LineString","coordinates":[[-74.0456436346725,40.2057846024901],[-74.0456441526449,40.2057847882605],[-74.0457663996289,40.2057755497555],[-74.0458712324425,40.205767625339],[-74.0460449285009,40.205825463358],[-74.0461750199718,40.2058879334651],[-74.0463051150739,40.205955180611],[-74.0467506306383,40.2062619794022],[-74.0471342793403,40.2065255975587],[-74.0472685232677,40.2066048577161]]}},{"type":"Feature","id":59476,"properties":{"OBJECTID":59476,"PRIMENAME":"Hillside Avenue","ELEVTYP_F":0,"ELEVTYP_T":0},"geometry":{"type":"LineString","coordinates":[[-74.0321301063587,40.200773716617],[-74.0308331154418,40.2005650708891],[-74.0307214624449,40.2005475703671]]}},{"type":"Feature","id":59481,"properties":{"OBJECTID":59481,"PRIMENAME":"Fire Lane","ELEVTYP_F":0,"ELEVTYP_T":0},"geometry":{"type":"LineString","coordinates":[[-74.0404717085046,40.2035493969496],[-74.0405474291609,40.2035091554942],[-74.0406014277188,40.203485156096],[-74.0406544274004,40.2034401553068],[-74.0406894288004,40.2034021542688],[-74.0407264290991,40.2033631550981],[-74.0407584291857,40.2033251556411],[-74.0407994302619,40.2032861543048],[-74.0408294277659,40.2032451557467],[-74.0408534280804,40.2032021555144],[-74.0409625035292,40.2029668268762]]}},{"type":"Feature","id":61325,"properties":{"OBJECTID":61325,"PRIMENAME":"Norwood Avenue","ELEVTYP_F":0,"ELEVTYP_T":0},"geometry":{"type":"LineString","coordinates":[[-74.0200737691457,40.1946998609107],[-74.0195023240577,40.1946578220684]]}},{"type":"Feature","id":61653,"properties":{"OBJECTID":61653,"PRIMENAME":"Ridge Avenue","ELEVTYP_F":0,"ELEVTYP_T":0},"geometry":{"type":"LineString","coordinates":[[-74.0251379447191,40.2020931402519],[-74.0254648178121,40.2011746813761],[-74.02551815932,40.201103386544]]}},{"type":"Feature","id":62383,"properties":{"OBJECTID":62383,"PRIMENAME":"Corlies Avenue","ELEVTYP_F":0,"ELEVTYP_T":0},"geometry":{"type":"LineString","coordinates":[[-74.0485863182577,40.2064386438582],[-74.049083615672,40.206401300106],[-74.0494912736774,40.206370683782],[-74.0502422587046,40.2063092545387],[-74.0504526555239,40.206291816061]]}},{"type":"Feature","id":62517,"properties":{"OBJECTID":62517,"PRIMENAME":"South Station Avenue","ELEVTYP_F":0,"ELEVTYP_T":0},"geometry":{"type":"LineString","coordinates":[[-74.0233111094073,40.1903405007721],[-74.0233415776659,40.1902629628041],[-74.0234370283791,40.1900200428613]]}},{"type":"Feature","id":62919,"properties":{"OBJECTID":62919,"PRIMENAME":"Overbrook Place","ELEVTYP_F":0,"ELEVTYP_T":0},"geometry":{"type":"LineString","coordinates":[[-74.04529928269,40.2024193500478],[-74.045420932275,40.2024582064271],[-74.0455698320665,40.2025016721236],[-74.0456815231337,40.2025307159241],[-74.0457994705579,40.2025502307179],[-74.0459236479598,40.2025697977501]]}},{"type":"Feature","id":64477,"properties":{"OBJECTID":64477,"PRIMENAME":"West Sylvania Avenue","ELEVTYP_F":0,"ELEVTYP_T":0},"geometry":{"type":"LineString","coordinates":[[-74.029974568637,40.1976022256296],[-74.0304586061631,40.1978221503698],[-74.0304613343179,40.1978233899548]]}},{"type":"Feature","id":64810,"properties":{"OBJECTID":64810,"PRIMENAME":"Unnamed Segment","ELEVTYP_F":0,"ELEVTYP_T":0},"geometry":{"type":"LineString","coordinates":[[-74.0223024479545,40.1928394422351],[-74.0222833052772,40.1928376105304],[-74.0221099333992,40.1933836955018]]}},{"type":"Feature","id":65447,"properties":{"OBJECTID":65447,"PRIMENAME":"Pittenger Place","ELEVTYP_F":0,"ELEVTYP_T":0},"geometry":{"type":"LineString","coordinates":[[-74.0476590608541,40.1991419695632],[-74.0477448037316,40.1988619309441],[-74.0478617924861,40.1984751411597]]}},{"type":"Feature","id":65682,"properties":{"OBJECTID":65682,"PRIMENAME":"Railroad Avenue","ELEVTYP_F":0,"ELEVTYP_T":0},"geometry":{"type":"LineString","coordinates":[[-74.0227672726719,40.1917633136754],[-74.0229456929434,40.1917769638252],[-74.0229953776655,40.1917771685553],[-74.0230328116643,40.1917582708139],[-74.0230704753502,40.1917012151102],[-74.0231651480626,40.191431635874],[-74.0232615396901,40.1911571495421]]}},{"type":"Feature","id":66242,"properties":{"OBJECTID":66242,"PRIMENAME":"Locust Avenue","ELEVTYP_F":0,"ELEVTYP_T":0},"geometry":{"type":"LineString","coordinates":[[-74.0366030759914,40.2043523638442],[-74.0364407196073,40.2049652785376],[-74.0364178256261,40.2050516082503]]}},{"type":"Feature","id":66400,"properties":{"OBJECTID":66400,"PRIMENAME":"North Riverside Drive","ELEVTYP_F":0,"ELEVTYP_T":0},"geometry":{"type":"LineString","coordinates":[[-74.0516607374856,40.2040924434434],[-74.0519962892738,40.2045873396266],[-74.0520627179064,40.204683543651]]}},{"type":"Feature","id":66891,"properties":{"OBJECTID":66891,"PRIMENAME":"Steiner Avenue","ELEVTYP_F":0,"ELEVTYP_T":0},"geometry":{"type":"LineString","coordinates":[[-74.0251072372684,40.1941016993603],[-74.0250622091994,40.1942290600733],[-74.024965615794,40.1945124960389]]}},{"type":"Feature","id":67224,"properties":{"OBJECTID":67224,"PRIMENAME":"West Sylvania Avenue","ELEVTYP_F":0,"ELEVTYP_T":0},"geometry":{"type":"LineString","coordinates":[[-74.0464940272743,40.2048964110744],[-74.0465731935581,40.2049005976937],[-74.0466559987533,40.2049041148987],[-74.0473022711004,40.2049315657108]]}},{"type":"Feature","id":67615,"properties":{"OBJECTID":67615,"PRIMENAME":"Prospect Avenue","ELEVTYP_F":0,"ELEVTYP_T":0},"geometry":{"type":"LineString","coordinates":[[-74.0491460034326,40.1916423314102],[-74.0515379829328,40.1920698355668],[-74.0533008996759,40.1923912311998],[-74.0534085248331,40.1924103696739]]}},{"type":"Feature","id":67991,"properties":{"OBJECTID":67991,"PRIMENAME":"FR CO 40 A SB TO NJ 35 SB","ELEVTYP_F":0,"ELEVTYP_T":0},"geometry":{"type":"LineString","coordinates":[[-74.0243023938525,40.1908361721602],[-74.024350917441,40.1908130251361],[-74.0244481789703,40.1907666301308],[-74.0247069035966,40.190655740509],[-74.0247417225403,40.1906392093835],[-74.0247752825388,40.1906212119286]]}},{"type":"Feature","id":68991,"properties":{"OBJECTID":68991,"PRIMENAME":"South Riverside Drive","ELEVTYP_F":0,"ELEVTYP_T":0},"geometry":{"type":"LineString","coordinates":[[-74.0494905037891,40.1903943021259],[-74.0494175344358,40.1903696404557],[-74.049287628204,40.1902833724311],[-74.0491578076234,40.1901732213742],[-74.0490217668732,40.1900725994078],[-74.0488856329489,40.1899862787483],[-74.0487244316048,40.1899284674808],[-74.0485136737257,40.1898513539964],[-74.0483774409305,40.1897746146421],[-74.0482167782174,40.1896357637589],[-74.0480686276026,40.189477908598],[-74.047883476318,40.1892913041855],[-74.0477911573112,40.1891622451355],[-74.0477235755594,40.1890380598381],[-74.0476869739715,40.1889330754618],[-74.0476857475331,40.1889129756894]]}},{"type":"Feature","id":69216,"properties":{"OBJECTID":69216,"PRIMENAME":"West Sylvania Avenue","ELEVTYP_F":0,"ELEVTYP_T":0},"geometry":{"type":"LineString","coordinates":[[-74.0371054124133,40.2007820788403],[-74.037504940445,40.2009644779113]]}},{"type":"Feature","id":70161,"properties":{"OBJECTID":70161,"PRIMENAME":"9th Avenue","ELEVTYP_F":0,"ELEVTYP_T":0},"geometry":{"type":"LineString","coordinates":[[-74.0233307546142,40.2071306163563],[-74.0242358610654,40.2072762552782],[-74.0256720140788,40.2075073288487]]}},{"type":"Feature","id":70952,"properties":{"OBJECTID":70952,"PRIMENAME":"South Riverside Drive","ELEVTYP_F":0,"ELEVTYP_T":0},"geometry":{"type":"LineString","coordinates":[[-74.0431087526945,40.1966704951773],[-74.0431910940222,40.1967556213456],[-74.0433084595519,40.1968657028188],[-74.0433951030661,40.1969232554471],[-74.0435252708583,40.1969714541063],[-74.0437176531504,40.1970150657339],[-74.0439815823466,40.1970945004217],[-74.0439905799661,40.197097209067],[-74.0440895460646,40.1971483311619]]}},{"type":"Feature","id":72996,"properties":{"OBJECTID":72996,"PRIMENAME":"Locust Avenue","ELEVTYP_F":0,"ELEVTYP_T":0},"geometry":{"type":"LineString","coordinates":[[-74.0369774905536,40.2029452700807],[-74.0367660914573,40.2037369260028],[-74.0366030759914,40.2043523638442]]}},{"type":"Feature","id":73958,"properties":{"OBJECTID":73958,"PRIMENAME":"Memorial Drive","ELEVTYP_F":0,"ELEVTYP_T":0},"geometry":{"type":"LineString","coordinates":[[-74.0198154182815,40.2020155154958],[-74.0198477624541,40.2019273071165],[-74.0200446041866,40.201390487165],[-74.0200803920749,40.2012909003702],[-74.0200807201072,40.2012900226728]]}},{"type":"Feature","id":74241,"properties":{"OBJECTID":74241,"PRIMENAME":"Valley Road","ELEVTYP_F":0,"ELEVTYP_T":0},"geometry":{"type":"LineString","coordinates":[[-74.0484592618413,40.1954056896644],[-74.04835529095,40.1953803299809],[-74.0482559647839,40.195356113272],[-74.0481440639449,40.1953604537339],[-74.0477896473501,40.195382926007],[-74.047603019584,40.1954107473328],[-74.0474163293317,40.1954481215718],[-74.0471360676823,40.1955328427562],[-74.0468186696136,40.1956030872511],[-74.0463458301918,40.1956679725842],[-74.0462339594027,40.1956675341368],[-74.0461036024168,40.1956479711261],[-74.0457315496831,40.1955178134381],[-74.0456412332511,40.1954849005008]]}},{"type":"Feature","id":74627,"properties":{"OBJECTID":74627,"PRIMENAME":"Shoreham Road","ELEVTYP_F":0,"ELEVTYP_T":0},"geometry":{"type":"LineString","coordinates":[[-74.0442324350727,40.2063664784308],[-74.0442075835595,40.2063592238327],[-74.0440150471175,40.206334636458],[-74.0438098263468,40.2063433543055],[-74.0431503541914,40.2064313188988],[-74.042143260597,40.2065761383234],[-74.0412145787517,40.2067096726148],[-74.0407241908737,40.2067801826491],[-74.0406988454779,40.2067838270852],[-74.0402201591793,40.2068435274001]]}},{"type":"Feature","id":74630,"properties":{"OBJECTID":74630,"PRIMENAME":"5th Avenue","ELEVTYP_F":0,"ELEVTYP_T":0},"geometry":{"type":"LineString","coordinates":[[-74.0206216955136,40.1905525027092],[-74.0205531198743,40.1910746697012]]}},{"type":"Feature","id":74657,"properties":{"OBJECTID":74657,"PRIMENAME":"Carton Avenue","ELEVTYP_F":0,"ELEVTYP_T":0},"geometry":{"type":"LineString","coordinates":[[-74.0516105324573,40.2012568627663],[-74.0517534587176,40.2007887450957],[-74.0518131033528,40.2005933216779]]}},{"type":"Feature","id":74704,"properties":{"OBJECTID":74704,"PRIMENAME":"Ridge Avenue","ELEVTYP_F":0,"ELEVTYP_T":0},"geometry":{"type":"LineString","coordinates":[[-74.0240543301623,40.2051104214605],[-74.0240878181929,40.2050166441764],[-74.0242549104046,40.2045514561202],[-74.0244123962171,40.2041130044249]]}},{"type":"Feature","id":74713,"properties":{"OBJECTID":74713,"PRIMENAME":"Lawrence Drive","ELEVTYP_F":0,"ELEVTYP_T":0},"geometry":{"type":"LineString","coordinates":[[-74.042470790398,40.2046291735582],[-74.0425043215153,40.2045199355111],[-74.0431969841496,40.2022635699096],[-74.0431973040039,40.2022159138206],[-74.0431789073426,40.2021777093984],[-74.0431622762772,40.2021431632724]]}},{"type":"Feature","id":74838,"properties":{"OBJECTID":74838,"PRIMENAME":"Oxford Way","ELEVTYP_F":0,"ELEVTYP_T":0},"geometry":{"type":"LineString","coordinates":[[-74.0434975198215,40.2058313063217],[-74.0440534563063,40.2061703473469],[-74.0442655982001,40.2063099692654],[-74.0444146298354,40.2064080546711],[-74.0446269579914,40.2065477991485]]}},{"type":"Feature","id":74848,"properties":{"OBJECTID":74848,"PRIMENAME":"McClelland Place","ELEVTYP_F":0,"ELEVTYP_T":0},"geometry":{"type":"LineString","coordinates":[[-74.0254789537915,40.1957267993233],[-74.0254525546782,40.1958008679508],[-74.0249644241086,40.1971714962446],[-74.0249379141083,40.1972459758877]]}},{"type":"Feature","id":75015,"properties":{"OBJECTID":75015,"PRIMENAME":"Rosewood Place","ELEVTYP_F":0,"ELEVTYP_T":0},"geometry":{"type":"LineString","coordinates":[[-74.0249379141083,40.1972459758877],[-74.0251934995525,40.197301133357],[-74.0253175950206,40.1973302206604],[-74.0254105501801,40.1973687057007],[-74.0254971788729,40.197426299557],[-74.0255650207529,40.1974980641194],[-74.0256328658961,40.1975746058304],[-74.0256870508965,40.197654055651]]}},{"type":"Feature","id":75573,"properties":{"OBJECTID":75573,"PRIMENAME":"Wilson Avenue","ELEVTYP_F":0,"ELEVTYP_T":0},"geometry":{"type":"LineString","coordinates":[[-74.0306829452646,40.1955670734577],[-74.0306006341482,40.1955216069339],[-74.0290094604198,40.1946429471222],[-74.0289162749513,40.1945914789931]]}},{"type":"Feature","id":75807,"properties":{"OBJECTID":75807,"PRIMENAME":"Union Avenue","ELEVTYP_F":0,"ELEVTYP_T":0},"geometry":{"type":"LineString","coordinates":[[-74.0303544759096,40.2018940320724],[-74.0302367110761,40.2023260693654],[-74.0300515787286,40.2030307118509],[-74.0300161406524,40.2031619050673],[-74.0298156521175,40.2039041184494]]}},{"type":"Feature","id":75987,"properties":{"OBJECTID":75987,"PRIMENAME":"Summit Avenue","ELEVTYP_F":0,"ELEVTYP_T":0},"geometry":{"type":"LineString","coordinates":[[-74.0323125973764,40.200100355532],[-74.0335698336751,40.2002949064058],[-74.033661174394,40.2003090276917]]}},{"type":"Feature","id":76681,"properties":{"OBJECTID":76681,"PRIMENAME":"Neptune Avenue","ELEVTYP_F":0,"ELEVTYP_T":0},"geometry":{"type":"LineString","coordinates":[[-74.0339481851595,40.203186474029],[-74.0340108197891,40.2028915286559],[-74.0340987025269,40.2024802574868]]}},{"type":"Feature","id":77091,"properties":{"OBJECTID":77091,"PRIMENAME":"Durand Road","ELEVTYP_F":0,"ELEVTYP_T":0},"geometry":{"type":"LineString","coordinates":[[-74.0472492957675,40.2004800548601],[-74.0451353364967,40.2001004432328],[-74.0450235232868,40.2000904783008],[-74.0449178445396,40.2000948121611],[-74.0448430804263,40.200123123636],[-74.0448062906203,40.2001370619196]]}},{"type":"Feature","id":77328,"properties":{"OBJECTID":77328,"PRIMENAME":"Laird Avenue","ELEVTYP_F":0,"ELEVTYP_T":0},"geometry":{"type":"LineString","coordinates":[[-74.0231996265606,40.1941453597491],[-74.0230948220614,40.1943375355038],[-74.0230569901699,40.1944183926204],[-74.0229613626788,40.1946852773727]]}},{"type":"Feature","id":77988,"properties":{"OBJECTID":77988,"PRIMENAME":"Overlook Drive","ELEVTYP_F":0,"ELEVTYP_T":0},"geometry":{"type":"LineString","coordinates":[[-74.0495076508222,40.1952363834014],[-74.0494997702365,40.1952370390488],[-74.0490769208126,40.1952735246376],[-74.048660263974,40.1953100328244],[-74.0485793407653,40.1953287413535],[-74.0485770410659,40.1953301599558]]}},{"type":"Feature","id":78586,"properties":{"OBJECTID":78586,"PRIMENAME":"Hillside Drive","ELEVTYP_F":0,"ELEVTYP_T":0},"geometry":{"type":"LineString","coordinates":[[-74.0495797893787,40.2000823223513],[-74.0496008213567,40.2000864428062],[-74.0497127070925,40.200091050893],[-74.0498282358055,40.2000806569973],[-74.0499589864663,40.2000478098118],[-74.0500712415022,40.1999910353349],[-74.0502024278526,40.1998867030494],[-74.0503836547683,40.1997348805793],[-74.050464866299,40.1996732358848],[-74.0504816159326,40.1996630881805]]}},{"type":"Feature","id":78667,"properties":{"OBJECTID":78667,"PRIMENAME":"Audrey Place","ELEVTYP_F":0,"ELEVTYP_T":0},"geometry":{"type":"LineString","coordinates":[[-74.0446997733981,40.1959953347049],[-74.0443544688987,40.1959853611619],[-74.0441187530445,40.1959785526488],[-74.043975713687,40.1959922919874],[-74.0437393911895,40.1960151899694],[-74.043596252581,40.1960384548844],[-74.0435154230514,40.196042857522],[-74.0433974553397,40.1960281445172],[-74.0428822063906,40.195935544665],[-74.0427683226652,40.1959150819264]]}},{"type":"Feature","id":78773,"properties":{"OBJECTID":78773,"PRIMENAME":"Carton Avenue","ELEVTYP_F":0,"ELEVTYP_T":0},"geometry":{"type":"LineString","coordinates":[[-74.0514062411619,40.2019256125544],[-74.0516105324573,40.2012568627663]]}},{"type":"Feature","id":78874,"properties":{"OBJECTID":78874,"PRIMENAME":"3rd Avenue","ELEVTYP_F":0,"ELEVTYP_T":0},"geometry":{"type":"LineString","coordinates":[[-74.0303544759096,40.2018940320724],[-74.0296064848451,40.2017754196986],[-74.0288672964755,40.2016580182018]]}},{"type":"Feature","id":79058,"properties":{"OBJECTID":79058,"PRIMENAME":"Holmes Court","ELEVTYP_F":0,"ELEVTYP_T":0},"geometry":{"type":"LineString","coordinates":[[-74.0397924294057,40.2059291567797],[-74.0396869416943,40.2059351195248],[-74.0393101848958,40.2058686957136],[-74.0391986453881,40.2059702223666],[-74.0391270345591,40.2060967286357]]}},{"type":"Feature","id":79061,"properties":{"OBJECTID":79061,"PRIMENAME":"Hillside Drive","ELEVTYP_F":0,"ELEVTYP_T":0},"geometry":{"type":"LineString","coordinates":[[-74.0490391711697,40.1986914480183],[-74.0489669390811,40.1987380287032],[-74.0488233577044,40.1988328118886],[-74.0486172799314,40.1989797587657],[-74.0485234560618,40.1990699313804],[-74.0484732552363,40.1991412221102],[-74.0484476148302,40.1992555167478],[-74.0484527064299,40.199427115969],[-74.0484793987955,40.1995050203301],[-74.0485387255758,40.1995799509378],[-74.0486162858803,40.1996479237503],[-74.0487242575805,40.1997188981251],[-74.0490651059101,40.199872752836],[-74.0493996956562,40.2000313314358],[-74.0494862980365,40.2000640081095],[-74.0495797893787,40.2000823223513]]}},{"type":"Feature","id":79278,"properties":{"OBJECTID":79278,"PRIMENAME":"Ivins Road","ELEVTYP_F":0,"ELEVTYP_T":0},"geometry":{"type":"LineString","coordinates":[[-74.0442625244069,40.1971174139021],[-74.0440895460646,40.1971483311619]]}},{"type":"Feature","id":79535,"properties":{"OBJECTID":79535,"PRIMENAME":"West Sylvania Avenue","ELEVTYP_F":0,"ELEVTYP_T":0},"geometry":{"type":"LineString","coordinates":[[-74.0362266648251,40.200380965486],[-74.036354938282,40.2004395142366]]}},{"type":"Feature","id":79693,"properties":{"OBJECTID":79693,"PRIMENAME":"Lakewood Road","ELEVTYP_F":0,"ELEVTYP_T":0},"geometry":{"type":"LineString","coordinates":[[-74.0480085155205,40.1943001975567],[-74.0480990773887,40.1942583842003],[-74.0488438615683,40.1940429033204]]}},{"type":"Feature","id":79722,"properties":{"OBJECTID":79722,"PRIMENAME":"5th Avenue","ELEVTYP_F":0,"ELEVTYP_T":0},"geometry":{"type":"LineString","coordinates":[[-74.0338515260398,40.2044082183845],[-74.0345300981205,40.2043952186689],[-74.0346419466575,40.2043956683604],[-74.0347351485597,40.2044055685201],[-74.0347421483615,40.2044081500625]]}},{"type":"Feature","id":79858,"properties":{"OBJECTID":79858,"PRIMENAME":"Hillside Avenue","ELEVTYP_F":0,"ELEVTYP_T":0},"geometry":{"type":"LineString","coordinates":[[-74.0292339327279,40.2003146355796],[-74.0289270501178,40.2002665800644],[-74.0279212465686,40.2001052070958],[-74.0278105660982,40.2000716748392]]}},{"type":"Feature","id":79893,"properties":{"OBJECTID":79893,"PRIMENAME":"Brinley Avenue","ELEVTYP_F":0,"ELEVTYP_T":0},"geometry":{"type":"LineString","coordinates":[[-74.0244123962171,40.2041130044249],[-74.0242581464022,40.2040885450937],[-74.0239668121454,40.2040423488873],[-74.0216602570019,40.203672004982]]}},{"type":"Feature","id":80335,"properties":{"OBJECTID":80335,"PRIMENAME":"West Sylvania Avenue","ELEVTYP_F":0,"ELEVTYP_T":0},"geometry":{"type":"LineString","coordinates":[[-74.0279092882582,40.1966438517795],[-74.0280743704021,40.1967281353693]]}},{"type":"Feature","id":80375,"properties":{"OBJECTID":80375,"PRIMENAME":"Walker Road","ELEVTYP_F":0,"ELEVTYP_T":0},"geometry":{"type":"LineString","coordinates":[[-74.0514732568875,40.1969226341534],[-74.0515519938396,40.196936967201],[-74.0527811456531,40.1971609590166],[-74.0528592038437,40.1971751786709]]}},{"type":"Feature","id":80495,"properties":{"OBJECTID":80495,"PRIMENAME":"West Sylvania Avenue","ELEVTYP_F":0,"ELEVTYP_T":0},"geometry":{"type":"LineString","coordinates":[[-74.0433518906396,40.2047412829079],[-74.0434848787428,40.2047502080261],[-74.0439882533811,40.204776021191],[-74.0442994901871,40.2047896410011]]}},{"type":"Feature","id":80533,"properties":{"OBJECTID":80533,"PRIMENAME":"Main Street","ELEVTYP_F":0,"ELEVTYP_T":0},"geometry":{"type":"LineString","coordinates":[[-74.0197416189343,40.1982279822822],[-74.0194453177809,40.1990517032205]]}},{"type":"Feature","id":80778,"properties":{"OBJECTID":80778,"PRIMENAME":"Coastal Drive","ELEVTYP_F":0,"ELEVTYP_T":0},"geometry":{"type":"LineString","coordinates":[[-74.0324489444109,40.197573409517],[-74.0325464252485,40.1976311545199],[-74.0328624250778,40.1977991530062]]}},{"type":"Feature","id":81707,"properties":{"OBJECTID":81707,"PRIMENAME":"Union Avenue","ELEVTYP_F":0,"ELEVTYP_T":0},"geometry":{"type":"LineString","coordinates":[[-74.0292712316652,40.2059474523707],[-74.0290832120665,40.2066369272747],[-74.0289948555518,40.2069665202532]]}},{"type":"Feature","id":81811,"properties":{"OBJECTID":81811,"PRIMENAME":"Bennett Avenue","ELEVTYP_F":0,"ELEVTYP_T":0},"geometry":{"type":"LineString","coordinates":[[-74.036354938282,40.2004395142366],[-74.0363279194609,40.2005323879889],[-74.0362961334065,40.2006419060047],[-74.0359644426115,40.2018844541908],[-74.0356198244839,40.2031937684457],[-74.0355051156259,40.2036127014017],[-74.0354637767065,40.2037836742687]]}},{"type":"Feature","id":81972,"properties":{"OBJECTID":81972,"PRIMENAME":"Lipman Place","ELEVTYP_F":0,"ELEVTYP_T":0},"geometry":{"type":"LineString","coordinates":[[-74.0298724136136,40.196427882746],[-74.0299539099737,40.1964721927095],[-74.0304306910798,40.1967314962374],[-74.0305173891425,40.1967795322766],[-74.0305542983089,40.1968368387499],[-74.0305786494136,40.1969084510377],[-74.030571959834,40.1969751341562],[-74.0305342655174,40.1970369422865],[-74.0303778109964,40.1971888341888],[-74.0300397924189,40.1975353694898],[-74.029974568637,40.1976022256296]]}},{"type":"Feature","id":82202,"properties":{"OBJECTID":82202,"PRIMENAME":"Windsor Court","ELEVTYP_F":0,"ELEVTYP_T":0},"geometry":{"type":"LineString","coordinates":[[-74.0298724136136,40.196427882746],[-74.0301609278161,40.1961210909644]]}},{"type":"Feature","id":82384,"properties":{"OBJECTID":82384,"PRIMENAME":"Garfield Avenue","ELEVTYP_F":0,"ELEVTYP_T":0},"geometry":{"type":"LineString","coordinates":[[-74.0204856759064,40.1915884136761],[-74.0188364665681,40.1914618224964],[-74.0184180887777,40.1914288690516]]}},{"type":"Feature","id":82548,"properties":{"OBJECTID":82548,"PRIMENAME":"Rowland Place","ELEVTYP_F":0,"ELEVTYP_T":0},"geometry":{"type":"LineString","coordinates":[[-74.0436058309883,40.2039324060138],[-74.0437159534071,40.2038340209334],[-74.0440775386931,40.2035109734565],[-74.0452405745628,40.2024717457998],[-74.04529928269,40.2024193500478]]}},{"type":"Feature","id":82933,"properties":{"OBJECTID":82933,"PRIMENAME":"Lakewood Road","ELEVTYP_F":0,"ELEVTYP_T":0},"geometry":{"type":"LineString","coordinates":[[-74.0446997733981,40.1959953347049],[-74.0447189968515,40.1959847859491],[-74.0450745284771,40.1957908029597],[-74.0455122698735,40.1955545154102],[-74.0456412332511,40.1954849005008]]}},{"type":"Feature","id":83497,"properties":{"OBJECTID":83497,"PRIMENAME":"Brinley Avenue","ELEVTYP_F":0,"ELEVTYP_T":0},"geometry":{"type":"LineString","coordinates":[[-74.0319273460087,40.205304796406],[-74.0312088402915,40.2051907881549],[-74.0299523949007,40.2049914115864],[-74.0295429971818,40.2049259763131]]}},{"type":"Feature","id":84738,"properties":{"OBJECTID":84738,"PRIMENAME":"Evergreen Avenue","ELEVTYP_F":0,"ELEVTYP_T":0},"geometry":{"type":"LineString","coordinates":[[-74.0290511461441,40.2009848057506],[-74.0304495457945,40.2012069227657],[-74.0305379891139,40.2012207330368]]}},{"type":"Feature","id":84898,"properties":{"OBJECTID":84898,"PRIMENAME":"Brinley Avenue","ELEVTYP_F":0,"ELEVTYP_T":0},"geometry":{"type":"LineString","coordinates":[[-74.034678066519,40.2055760763862],[-74.0344052625629,40.2055813544191],[-74.0341006142774,40.2055848779327],[-74.0339265404282,40.2055889264452],[-74.033892785125,40.2055878295144]]}},{"type":"Feature","id":86025,"properties":{"OBJECTID":86025,"PRIMENAME":"Beverly Way","ELEVTYP_F":0,"ELEVTYP_T":0},"geometry":{"type":"LineString","coordinates":[[-74.0418455899073,40.1944297507067],[-74.041193245435,40.1943179161827],[-74.0406422934016,40.1942187682605]]}},{"type":"Feature","id":86295,"properties":{"OBJECTID":86295,"PRIMENAME":"Ivins Road","ELEVTYP_F":0,"ELEVTYP_T":0},"geometry":{"type":"LineString","coordinates":[[-74.0480652592645,40.1977995858503],[-74.0487919938058,40.1979366365209],[-74.0496487379874,40.1980877499325],[-74.0497622005033,40.1981077647361]]}},{"type":"Feature","id":86677,"properties":{"OBJECTID":86677,"PRIMENAME":"Beverly Way","ELEVTYP_F":0,"ELEVTYP_T":0},"geometry":{"type":"LineString","coordinates":[[-74.0423016981155,40.1945541962054],[-74.0422730533808,40.1945604795438],[-74.0422241843063,40.194545032479],[-74.04211033585,40.1945090488011]]}},{"type":"Feature","id":87119,"properties":{"OBJECTID":87119,"PRIMENAME":"East Center Street","ELEVTYP_F":0,"ELEVTYP_T":0},"geometry":{"type":"LineString","coordinates":[[-74.0275683854786,40.1905773261583],[-74.0278772935231,40.1897330179546]]}},{"type":"Feature","id":87331,"properties":{"OBJECTID":87331,"PRIMENAME":"Stanley Avenue","ELEVTYP_F":0,"ELEVTYP_T":0},"geometry":{"type":"LineString","coordinates":[[-74.0388869263733,40.2065210324171],[-74.0387722208012,40.2067237321402],[-74.0387412726324,40.2067784048685]]}},{"type":"Feature","id":87663,"properties":{"OBJECTID":87663,"PRIMENAME":"5th Avenue","ELEVTYP_F":0,"ELEVTYP_T":0},"geometry":{"type":"LineString","coordinates":[[-74.0347421483615,40.2044081500625],[-74.0348529329276,40.2044489508395],[-74.0352628458783,40.2046071594692]]}},{"type":"Feature","id":87762,"properties":{"OBJECTID":87762,"PRIMENAME":"Hillside Drive","ELEVTYP_F":0,"ELEVTYP_T":0},"geometry":{"type":"LineString","coordinates":[[-74.0496389683702,40.1973782811624],[-74.0497136564505,40.1976638045503],[-74.049743788676,40.1978116720168],[-74.0497679713286,40.1979118580383],[-74.0497734748202,40.1980214978426],[-74.0497622005033,40.1981077647361]]}},{"type":"Feature","id":87939,"properties":{"OBJECTID":87939,"PRIMENAME":"8th Avenue","ELEVTYP_F":0,"ELEVTYP_T":0},"geometry":{"type":"LineString","coordinates":[[-74.026035289836,40.2064957348312],[-74.0274974370262,40.2067305300134],[-74.0289948555518,40.2069665202532]]}},{"type":"Feature","id":87948,"properties":{"OBJECTID":87948,"PRIMENAME":"Valley Road","ELEVTYP_F":0,"ELEVTYP_T":0},"geometry":{"type":"LineString","coordinates":[[-74.0411405759491,40.1928958810556],[-74.0411349614594,40.1928259087644],[-74.0411543180319,40.1927211441916],[-74.0411797387452,40.192635482651],[-74.041236199639,40.1925546393341],[-74.0412925958526,40.1924833762146],[-74.0413430273126,40.1923834560679],[-74.0413871948569,40.192283593945],[-74.0413985549643,40.1922391924239]]}},{"type":"Feature","id":88051,"properties":{"OBJECTID":88051,"PRIMENAME":"Sylvania Lane","ELEVTYP_F":0,"ELEVTYP_T":0},"geometry":{"type":"LineString","coordinates":[[-74.0211387398413,40.192161115269],[-74.0210599191233,40.1921552167314],[-74.020417550359,40.1921072327458]]}},{"type":"Feature","id":89054,"properties":{"OBJECTID":89054,"PRIMENAME":"FR RAMP A100830 to NJ 33 EB","ELEVTYP_F":0,"ELEVTYP_T":0},"geometry":{"type":"LineString","coordinates":[[-74.0505195042075,40.2062862834192],[-74.0505091416368,40.2062618556764],[-74.0504982613739,40.2062375606231],[-74.0504868663078,40.2062134047088],[-74.0504749594638,40.2061893943458]]}},{"type":"Feature","id":89427,"properties":{"OBJECTID":89427,"PRIMENAME":"Field Street","ELEVTYP_F":0,"ELEVTYP_T":0},"geometry":{"type":"LineString","coordinates":[[-74.020624259799,40.1957706522901],[-74.0207398222093,40.1957957561061],[-74.0214783094627,40.1959560597756]]}},{"type":"Feature","id":89479,"properties":{"OBJECTID":89479,"PRIMENAME":"Oxford Way","ELEVTYP_F":0,"ELEVTYP_T":0},"geometry":{"type":"LineString","coordinates":[[-74.0446269579914,40.2065477991485],[-74.044505208308,40.2064747898333],[-74.0443564922481,40.2064026911082],[-74.0442324350727,40.2063664784308]]}},{"type":"Feature","id":89721,"properties":{"OBJECTID":89721,"PRIMENAME":"Bachelor Place","ELEVTYP_F":0,"ELEVTYP_T":0},"geometry":{"type":"LineString","coordinates":[[-74.0223839507161,40.1902682397782],[-74.0224738543917,40.1902756935609]]}},{"type":"Feature","id":89892,"properties":{"OBJECTID":89892,"PRIMENAME":"Garfield Avenue","ELEVTYP_F":0,"ELEVTYP_T":0},"geometry":{"type":"LineString","coordinates":[[-74.0212098180691,40.1916440102579],[-74.0204856759064,40.1915884136761]]}},{"type":"Feature","id":90234,"properties":{"OBJECTID":90234,"PRIMENAME":"Morris Avenue","ELEVTYP_F":0,"ELEVTYP_T":0},"geometry":{"type":"LineString","coordinates":[[-74.0295014487858,40.1973872996458],[-74.0294435571048,40.1974757636401],[-74.0291518495192,40.197916893221]]}},{"type":"Feature","id":91675,"properties":{"OBJECTID":91675,"PRIMENAME":"Westwood Place","ELEVTYP_F":0,"ELEVTYP_T":0},"geometry":{"type":"LineString","coordinates":[[-74.0511971136476,40.2026103481236],[-74.05069305563,40.2025171013919],[-74.0505782286874,40.202495858191]]}},{"type":"Feature","id":92116,"properties":{"OBJECTID":92116,"PRIMENAME":"FR RAMP B102220 to CO 40 SB","ELEVTYP_F":0,"ELEVTYP_T":0},"geometry":{"type":"LineString","coordinates":[[-74.0216307046727,40.1927417688199],[-74.0216783950862,40.192750942901]]}},{"type":"Feature","id":92635,"properties":{"OBJECTID":92635,"PRIMENAME":"Woodland Avenue","ELEVTYP_F":0,"ELEVTYP_T":0},"geometry":{"type":"LineString","coordinates":[[-74.0202132067599,40.1936634166584],[-74.0211147921493,40.1937335852837],[-74.0212645052458,40.193753338431]]}},{"type":"Feature","id":93255,"properties":{"OBJECTID":93255,"PRIMENAME":"Stanley Avenue","ELEVTYP_F":0,"ELEVTYP_T":0},"geometry":{"type":"LineString","coordinates":[[-74.0383488371017,40.207511576099],[-74.0387412726324,40.2067784048685]]}},{"type":"Feature","id":93262,"properties":{"OBJECTID":93262,"PRIMENAME":"Ridge Avenue","ELEVTYP_F":0,"ELEVTYP_T":0},"geometry":{"type":"LineString","coordinates":[[-74.0259721689318,40.2004963749674],[-74.026079679732,40.2003526623365],[-74.0262384307209,40.2001409107647]]}},{"type":"Feature","id":94420,"properties":{"OBJECTID":94420,"PRIMENAME":"Woodmere Avenue","ELEVTYP_F":0,"ELEVTYP_T":0},"geometry":{"type":"LineString","coordinates":[[-74.0489718268474,40.1922349044817],[-74.0487094585038,40.1921875422496],[-74.046896914828,40.1918611332392],[-74.0467727850017,40.1918320139673],[-74.0466924714786,40.1917919752229]]}},{"type":"Feature","id":94482,"properties":{"OBJECTID":94482,"PRIMENAME":"Fulton Avenue","ELEVTYP_F":0,"ELEVTYP_T":0},"geometry":{"type":"LineString","coordinates":[[-74.0420122092558,40.1916303612972],[-74.0420143283777,40.1915709350119],[-74.0420165690963,40.1915077479866],[-74.0420283738145,40.1911750680672],[-74.0420327362884,40.1910906415957],[-74.0420598616404,40.1910121514518],[-74.0420907450087,40.1909336770657],[-74.0421291546744,40.1908697819496],[-74.0421941088231,40.1908030817105],[-74.042249603052,40.1907644712259],[-74.0422856398832,40.1907393965971],[-74.0424724138721,40.1906295013163],[-74.0428040527974,40.1904240929539],[-74.0428935944413,40.190368635275]]}},{"type":"Feature","id":95928,"properties":{"OBJECTID":95928,"PRIMENAME":"FR RT 35 SB to NJ 71","ELEVTYP_F":0,"ELEVTYP_T":0},"geometry":{"type":"LineString","coordinates":[[-74.0230932491986,40.1926263867126],[-74.0230715362072,40.1926229683687],[-74.0229626746187,40.1926180452843],[-74.0228537558607,40.1926160868835],[-74.0227467579593,40.1926261053666],[-74.0226358483794,40.1926375622109],[-74.0225015248242,40.1926593819131],[-74.0223847282065,40.1926782817292],[-74.0222387247685,40.1927015633698],[-74.0221025006312,40.1927188722915],[-74.0220110798336,40.1927229694129],[-74.0218885845116,40.1927224635777],[-74.0218127774846,40.1927206409423],[-74.0216783950862,40.192750942901]]}},{"type":"Feature","id":97357,"properties":{"OBJECTID":97357,"PRIMENAME":"FR RT 35 SB to NJ 71","ELEVTYP_F":1,"ELEVTYP_T":0},"geometry":{"type":"LineString","coordinates":[[-74.0231867051312,40.1926422479664],[-74.0231589290235,40.1926367259088],[-74.0230932491986,40.1926263867126]]}},{"type":"Feature","id":98068,"properties":{"OBJECTID":98068,"PRIMENAME":"3rd Avenue","ELEVTYP_F":0,"ELEVTYP_T":0},"geometry":{"type":"LineString","coordinates":[[-74.0192400109113,40.2000890527945],[-74.0200361089843,40.2002138886523]]}},{"type":"Feature","id":98512,"properties":{"OBJECTID":98512,"PRIMENAME":"Coastal Drive","ELEVTYP_F":0,"ELEVTYP_T":0},"geometry":{"type":"LineString","coordinates":[[-74.0328624250778,40.1977991530062],[-74.0332954260467,40.1980711539814],[-74.0335394277637,40.1982071538938],[-74.0336334278759,40.1982801548834],[-74.0336664269921,40.1983451534732],[-74.033684424675,40.1984281537449],[-74.033683426137,40.1984691547149],[-74.0336664251645,40.1985151539116],[-74.0335794253664,40.1986421542325],[-74.0334374250517,40.1988671549399],[-74.0334074265864,40.1989161549952],[-74.0333954265432,40.1989311541891],[-74.0333734267176,40.1989611552317],[-74.0333036751588,40.1990995238142]]}},{"type":"Feature","id":99570,"properties":{"OBJECTID":99570,"PRIMENAME":"Laurel Avenue","ELEVTYP_F":0,"ELEVTYP_T":0},"geometry":{"type":"LineString","coordinates":[[-74.0295961136282,40.198960992694],[-74.0296267407763,40.1988443609726],[-74.0307323607388,40.1980529152066],[-74.0308248600669,40.1979866897819]]}},{"type":"Feature","id":99963,"properties":{"OBJECTID":99963,"PRIMENAME":"Marine Place","ELEVTYP_F":0,"ELEVTYP_T":0},"geometry":{"type":"LineString","coordinates":[[-74.0211387398413,40.192161115269],[-74.0210796226575,40.1925908618861],[-74.021067210178,40.1926811293019]]}},{"type":"Feature","id":100963,"properties":{"OBJECTID":100963,"PRIMENAME":"3rd Avenue","ELEVTYP_F":0,"ELEVTYP_T":0},"geometry":{"type":"LineString","coordinates":[[-74.0340987025269,40.2024802574868],[-74.0340024610553,40.2024652107408],[-74.0332419289805,40.2023462146983]]}},{"type":"Feature","id":101456,"properties":{"OBJECTID":101456,"PRIMENAME":"Highland Avenue","ELEVTYP_F":0,"ELEVTYP_T":0},"geometry":{"type":"LineString","coordinates":[[-74.0389494087381,40.1910801324892],[-74.0390962161458,40.1911058909398],[-74.039735577196,40.1912180531452],[-74.040530006272,40.1913737355484],[-74.0411993988234,40.1914869978012]]}},{"type":"Feature","id":104119,"properties":{"OBJECTID":104119,"PRIMENAME":"Laird Avenue","ELEVTYP_F":0,"ELEVTYP_T":0},"geometry":{"type":"LineString","coordinates":[[-74.0225587306817,40.1958088724021],[-74.0224737624753,40.1960459865223],[-74.0222404690863,40.196676846027]]}},{"type":"Feature","id":104660,"properties":{"OBJECTID":104660,"PRIMENAME":"Morrisey Road","ELEVTYP_F":0,"ELEVTYP_T":0},"geometry":{"type":"LineString","coordinates":[[-74.0508962003321,40.1961299809111],[-74.0511508392468,40.1961739811195],[-74.051404467203,40.1962178066228],[-74.0514261817547,40.1962215583141],[-74.0529782299696,40.1964897078291],[-74.053062045479,40.1965102912304]]}},{"type":"Feature","id":105169,"properties":{"OBJECTID":105169,"PRIMENAME":"Unnamed Segment","ELEVTYP_F":0,"ELEVTYP_T":0},"geometry":{"type":"LineString","coordinates":[[-74.031487424546,40.1973971537594],[-74.0315554262622,40.1973281553916],[-74.0318324250896,40.1974761543096],[-74.0318654268565,40.1975001547368],[-74.0318474266805,40.197533153803],[-74.0318004262519,40.197583155596]]}},{"type":"Feature","id":105965,"properties":{"OBJECTID":105965,"PRIMENAME":"Valley Road","ELEVTYP_F":0,"ELEVTYP_T":0},"geometry":{"type":"LineString","coordinates":[[-74.0411993988234,40.1914869978012],[-74.0411327508603,40.1913055186574],[-74.0410899014237,40.1912100330294],[-74.0410097840342,40.1911096233505],[-74.040935703053,40.1910378430042],[-74.0408914342068,40.1910095825909]]}},{"type":"Feature","id":106933,"properties":{"OBJECTID":106933,"PRIMENAME":"State Highway 35","ELEVTYP_F":0,"ELEVTYP_T":0},"geometry":{"type":"LineString","coordinates":[[-74.0279092882582,40.1966438517795],[-74.027868670714,40.196601331923],[-74.0277952337667,40.1965165887739],[-74.0277458921831,40.1964596477174],[-74.0276853399356,40.1964047216437],[-74.0274114851919,40.196156309447]]}},{"type":"Feature","id":107344,"properties":{"OBJECTID":107344,"PRIMENAME":"Oxford Way","ELEVTYP_F":0,"ELEVTYP_T":0},"geometry":{"type":"LineString","coordinates":[[-74.0449898418422,40.2069171726904],[-74.0449317149528,40.2068339003353],[-74.0448516691758,40.2067192181598],[-74.0447318632567,40.2066189668616],[-74.0446971407568,40.2065899123829],[-74.0446269579914,40.2065477991485]]}},{"type":"Feature","id":107673,"properties":{"OBJECTID":107673,"PRIMENAME":"Brinley Avenue","ELEVTYP_F":0,"ELEVTYP_T":0},"geometry":{"type":"LineString","coordinates":[[-74.0267579279067,40.2044844697199],[-74.0258481491601,40.2043407660099],[-74.0244123962171,40.2041130044249]]}},{"type":"Feature","id":107677,"properties":{"OBJECTID":107677,"PRIMENAME":"Unnamed Segment","ELEVTYP_F":0,"ELEVTYP_T":0},"geometry":{"type":"LineString","coordinates":[[-74.0475916156587,40.2065641071852],[-74.047414314747,40.2060472166728],[-74.0473112292856,40.2056412674224],[-74.0473022711004,40.2049315657108]]}},{"type":"Feature","id":107722,"properties":{"OBJECTID":107722,"PRIMENAME":"Riverdale Avenue","ELEVTYP_F":0,"ELEVTYP_T":0},"geometry":{"type":"LineString","coordinates":[[-74.0383192205987,40.2013394093662],[-74.0382921096326,40.2014410125292],[-74.0378548619309,40.2030798898546]]}},{"type":"Feature","id":107749,"properties":{"OBJECTID":107749,"PRIMENAME":"FR NJ 33 WB to NJ 18 NB","ELEVTYP_F":0,"ELEVTYP_T":0},"geometry":{"type":"LineString","coordinates":[[-74.0485863182577,40.2064386438582],[-74.0486971735566,40.2064367562646],[-74.0488080526557,40.2064374349602],[-74.0489188545234,40.2064406793268],[-74.0490294781983,40.2064464864081],[-74.0491398228812,40.2064548509129],[-74.0492497880271,40.2064657652196],[-74.0493592734368,40.2064792193832],[-74.049468179348,40.2064952011445],[-74.0495227725335,40.2065093830514],[-74.0495898361931,40.2065295783491],[-74.0496554140697,40.2065524629826],[-74.0497193228624,40.2065779729863],[-74.0497813839356,40.2066060370563],[-74.0499289692389,40.2066922697482],[-74.0500786206604,40.2067763832867]]}},{"type":"Feature","id":108183,"properties":{"OBJECTID":108183,"PRIMENAME":"Atkins Avenue","ELEVTYP_F":0,"ELEVTYP_T":0},"geometry":{"type":"LineString","coordinates":[[-74.0209388484057,40.2056868947284],[-74.0207665875829,40.2061706373438],[-74.0206017464443,40.2066274784746],[-74.0205774101913,40.2066969978759]]}},{"type":"Feature","id":108207,"properties":{"OBJECTID":108207,"PRIMENAME":"Unnamed Segment","ELEVTYP_F":0,"ELEVTYP_T":0},"geometry":{"type":"LineString","coordinates":[[-74.0394954283258,40.2042201559493],[-74.0394614285799,40.2043151543145],[-74.039442427627,40.2043501563441],[-74.0392714291817,40.2046071558267]]}},{"type":"Feature","id":108794,"properties":{"OBJECTID":108794,"PRIMENAME":"Overlook Drive","ELEVTYP_F":0,"ELEVTYP_T":0},"geometry":{"type":"LineString","coordinates":[[-74.0508962003321,40.1961299809111],[-74.0508551557943,40.1961002002781],[-74.0507500534158,40.1960235287084],[-74.0506574355498,40.1959373799643],[-74.0505772681327,40.1958417530424],[-74.0505260380267,40.1957768208376]]}},{"type":"Feature","id":108819,"properties":{"OBJECTID":108819,"PRIMENAME":"West Sylvania Avenue","ELEVTYP_F":0,"ELEVTYP_T":0},"geometry":{"type":"LineString","coordinates":[[-74.0379588845088,40.2011740247547],[-74.0381937565429,40.2012833445517],[-74.0383192205987,40.2013394093662]]}},{"type":"Feature","id":108944,"properties":{"OBJECTID":108944,"PRIMENAME":"Highland Avenue","ELEVTYP_F":0,"ELEVTYP_T":0},"geometry":{"type":"LineString","coordinates":[[-74.0420122092558,40.1916303612972],[-74.042243503171,40.1916717794584],[-74.042839168199,40.1917784431611],[-74.0428593345533,40.1917819543685]]}},{"type":"Feature","id":110636,"properties":{"OBJECTID":110636,"PRIMENAME":"Steiner Avenue","ELEVTYP_F":0,"ELEVTYP_T":0},"geometry":{"type":"LineString","coordinates":[[-74.0247649833498,40.1950585558552],[-74.0246221878473,40.19544716541],[-74.0245882579316,40.1955384157065]]}},{"type":"Feature","id":110737,"properties":{"OBJECTID":110737,"PRIMENAME":"Holly Avenue","ELEVTYP_F":0,"ELEVTYP_T":0},"geometry":{"type":"LineString","coordinates":[[-74.0225587306817,40.1958088724021],[-74.0226245048656,40.1958225952229],[-74.0234871555317,40.1960025049317]]}},{"type":"Feature","id":111066,"properties":{"OBJECTID":111066,"PRIMENAME":"5th Avenue","ELEVTYP_F":0,"ELEVTYP_T":0},"geometry":{"type":"LineString","coordinates":[[-74.0206894293099,40.1900379914841],[-74.0206410628459,40.1904048874992],[-74.0206216955136,40.1905525027092]]}},{"type":"Feature","id":111724,"properties":{"OBJECTID":111724,"PRIMENAME":"Alberta Avenue","ELEVTYP_F":0,"ELEVTYP_T":0},"geometry":{"type":"LineString","coordinates":[[-74.0339635693464,40.2076948793679],[-74.0340614089356,40.2076817658392],[-74.0364132581396,40.207367131101],[-74.0365053622505,40.2073548175508]]}},{"type":"Feature","id":111729,"properties":{"OBJECTID":111729,"PRIMENAME":"Hamilton Avenue","ELEVTYP_F":0,"ELEVTYP_T":0},"geometry":{"type":"LineString","coordinates":[[-74.0320920025641,40.2074565076227],[-74.0320696924492,40.207144721622],[-74.0320084963948,40.2063800849089]]}},{"type":"Feature","id":112095,"properties":{"OBJECTID":112095,"PRIMENAME":"Prospect Avenue","ELEVTYP_F":0,"ELEVTYP_T":0},"geometry":{"type":"LineString","coordinates":[[-74.04611066289,40.1909482719149],[-74.0462751013531,40.1909769734525],[-74.046479886433,40.1910159077779],[-74.0466164048845,40.1910497972251],[-74.0467405017901,40.1910836378787],[-74.0468830227828,40.1911461568694],[-74.0469883388522,40.1911942264754],[-74.0471123374266,40.1912376207118],[-74.047230175456,40.1912761856174],[-74.0473604655581,40.1913100777486],[-74.0475155676998,40.1913488150764],[-74.0477141654586,40.1913925002183],[-74.0478468545498,40.1914155570409]]}},{"type":"Feature","id":112194,"properties":{"OBJECTID":112194,"PRIMENAME":"West Wall Street","ELEVTYP_F":0,"ELEVTYP_T":0},"geometry":{"type":"LineString","coordinates":[[-74.0266023007293,40.1981049227847],[-74.0273544603091,40.19847764543],[-74.0274424424833,40.1985212423732]]}},{"type":"Feature","id":112616,"properties":{"OBJECTID":112616,"PRIMENAME":"Overlook Drive","ELEVTYP_F":0,"ELEVTYP_T":0},"geometry":{"type":"LineString","coordinates":[[-74.0444778707739,40.1970789191056],[-74.0444407355817,40.1970855568568],[-74.0442625244069,40.1971174139021]]}},{"type":"Feature","id":113312,"properties":{"OBJECTID":113312,"PRIMENAME":"Union Avenue","ELEVTYP_F":0,"ELEVTYP_T":0},"geometry":{"type":"LineString","coordinates":[[-74.0309050155453,40.1998779770164],[-74.0307596266634,40.2004074703504],[-74.0307214624449,40.2005475703671]]}},{"type":"Feature","id":114314,"properties":{"OBJECTID":114314,"PRIMENAME":"Unnamed Segment","ELEVTYP_F":0,"ELEVTYP_T":0},"geometry":{"type":"LineString","coordinates":[[-74.039937429114,40.2043631552373],[-74.0400154278334,40.204403156076],[-74.0400654270964,40.2044221563005],[-74.040174429596,40.2044361543798]]}},{"type":"Feature","id":114354,"properties":{"OBJECTID":114354,"PRIMENAME":"3rd Avenue","ELEVTYP_F":0,"ELEVTYP_T":0},"geometry":{"type":"LineString","coordinates":[[-74.0332419289805,40.2023462146983],[-74.0317650781074,40.2021151388227]]}},{"type":"Feature","id":114605,"properties":{"OBJECTID":114605,"PRIMENAME":"Myron Avenue","ELEVTYP_F":0,"ELEVTYP_T":0},"geometry":{"type":"LineString","coordinates":[[-74.0283842697071,40.1951444869059],[-74.0289162749513,40.1945914789931]]}},{"type":"Feature","id":115151,"properties":{"OBJECTID":115151,"PRIMENAME":"Valley Road","ELEVTYP_F":0,"ELEVTYP_T":0},"geometry":{"type":"LineString","coordinates":[[-74.0456412332511,40.1954849005008],[-74.0455048871513,40.1954869204998],[-74.045430319422,40.1954880255696],[-74.0451754756594,40.1954918017857],[-74.0449206003136,40.195500298654],[-74.0447776254477,40.1955045677434],[-74.0446597181851,40.1954754715843],[-74.0444119320092,40.195355351827],[-74.0443447495155,40.1953215678986]]}},{"type":"Feature","id":115373,"properties":{"OBJECTID":115373,"PRIMENAME":"Laird Avenue","ELEVTYP_F":0,"ELEVTYP_T":0},"geometry":{"type":"LineString","coordinates":[[-74.0222404690863,40.196676846027],[-74.0219986306689,40.1973308665634]]}},{"type":"Feature","id":115954,"properties":{"OBJECTID":115954,"PRIMENAME":"Woodmere Avenue","ELEVTYP_F":0,"ELEVTYP_T":0},"geometry":{"type":"LineString","coordinates":[[-74.0466924714786,40.1917919752229],[-74.0465993143944,40.191745572387],[-74.0464256288504,40.1917020387845],[-74.0461260698096,40.1916497198775]]}},{"type":"Feature","id":116016,"properties":{"OBJECTID":116016,"PRIMENAME":"Adams Way","ELEVTYP_F":0,"ELEVTYP_T":0},"geometry":{"type":"LineString","coordinates":[[-74.0403424300857,40.2050951552515],[-74.0404744295591,40.2051461557549],[-74.0405284286532,40.2051511553789],[-74.0408844301071,40.2051041557904]]}},{"type":"Feature","id":116577,"properties":{"OBJECTID":116577,"PRIMENAME":"9th Avenue","ELEVTYP_F":0,"ELEVTYP_T":0},"geometry":{"type":"LineString","coordinates":[[-74.0205774101913,40.2066969978759],[-74.0212993297108,40.2068115248323],[-74.022831618867,40.2070502923729],[-74.0233307546142,40.2071306163563]]}},{"type":"Feature","id":116777,"properties":{"OBJECTID":116777,"PRIMENAME":"Sylvania Lane","ELEVTYP_F":0,"ELEVTYP_T":0},"geometry":{"type":"LineString","coordinates":[[-74.020417550359,40.1921072327458],[-74.0184945294343,40.1919634700453],[-74.0183483451943,40.1919517440053]]}},{"type":"Feature","id":117700,"properties":{"OBJECTID":117700,"PRIMENAME":"South Riverside Drive","ELEVTYP_F":0,"ELEVTYP_T":0},"geometry":{"type":"LineString","coordinates":[[-74.0392286860205,40.1939643480082],[-74.0392841048048,40.1945668237742],[-74.0393018816758,40.1946907886527],[-74.0393320866018,40.19482438346],[-74.0393872292628,40.194938970567],[-74.0394733834253,40.1950680107529],[-74.0395658278337,40.195182746155],[-74.0396707915201,40.1952832555686],[-74.0398255498613,40.1953839637344],[-74.039949387429,40.1954464160496],[-74.0400795530805,40.1954993678367],[-74.0402558542273,40.1955538203941]]}},{"type":"Feature","id":120294,"properties":{"OBJECTID":120294,"PRIMENAME":"Laird Avenue","ELEVTYP_F":0,"ELEVTYP_T":0},"geometry":{"type":"LineString","coordinates":[[-74.023491379347,40.1936242471801],[-74.0232270428559,40.194095015072],[-74.0231996265606,40.1941453597491]]}},{"type":"Feature","id":120970,"properties":{"OBJECTID":120970,"PRIMENAME":"Shark Place","ELEVTYP_F":0,"ELEVTYP_T":0},"geometry":{"type":"LineString","coordinates":[[-74.0459236479598,40.2025697977501],[-74.0459981316689,40.2025891418447],[-74.0460537048227,40.2026417943092],[-74.0460841773313,40.2027324792498],[-74.0461022903273,40.2028483580021],[-74.0461199572598,40.2029613825667]]}},{"type":"Feature","id":121762,"properties":{"OBJECTID":121762,"PRIMENAME":"Overlook Drive","ELEVTYP_F":0,"ELEVTYP_T":0},"geometry":{"type":"LineString","coordinates":[[-74.0485770410659,40.1953301599558],[-74.0484857425893,40.1953856430493],[-74.0484592618413,40.1954056896644]]}},{"type":"Feature","id":121835,"properties":{"OBJECTID":121835,"PRIMENAME":"Steiner Avenue","ELEVTYP_F":0,"ELEVTYP_T":0},"geometry":{"type":"LineString","coordinates":[[-74.0231129622585,40.1996383784288],[-74.0227529692295,40.2006456673673]]}},{"type":"Feature","id":121889,"properties":{"OBJECTID":121889,"PRIMENAME":"Highland Avenue","ELEVTYP_F":0,"ELEVTYP_T":0},"geometry":{"type":"LineString","coordinates":[[-74.0411993988234,40.1914869978012],[-74.0413053289894,40.1915049320994],[-74.0414238771308,40.1915250031482],[-74.0420122092558,40.1916303612972]]}},{"type":"Feature","id":122003,"properties":{"OBJECTID":122003,"PRIMENAME":"Emerson Place","ELEVTYP_F":0,"ELEVTYP_T":0},"geometry":{"type":"LineString","coordinates":[[-74.0347421483615,40.2044081500625],[-74.034746887222,40.2045057084186],[-74.0347809212144,40.2052051990153],[-74.0347904928126,40.2054019075629],[-74.0347988425092,40.2055737400063]]}},{"type":"Feature","id":123166,"properties":{"OBJECTID":123166,"PRIMENAME":"Brinley Avenue","ELEVTYP_F":0,"ELEVTYP_T":0},"geometry":{"type":"LineString","coordinates":[[-74.0329425476775,40.2054658158153],[-74.032541652594,40.2054022376037],[-74.0322797419553,40.2053606934993],[-74.0319273460087,40.205304796406]]}},{"type":"Feature","id":128394,"properties":{"OBJECTID":128394,"PRIMENAME":"Atkins Avenue","ELEVTYP_F":0,"ELEVTYP_T":0},"geometry":{"type":"LineString","coordinates":[[-74.0223917961042,40.2016563825913],[-74.0221510710376,40.2023309707243],[-74.0220992270399,40.2024762541699],[-74.0220937604436,40.2024911224329],[-74.0220714856347,40.2025517133326]]}},{"type":"Feature","id":129128,"properties":{"OBJECTID":129128,"PRIMENAME":"May Place","ELEVTYP_F":0,"ELEVTYP_T":0},"geometry":{"type":"LineString","coordinates":[[-74.0520137708949,40.199935318239],[-74.0519114980181,40.1999171602119],[-74.0505953676375,40.199683323054],[-74.0504816159326,40.1996630881805]]}},{"type":"Feature","id":129651,"properties":{"OBJECTID":129651,"PRIMENAME":"Norwood Avenue","ELEVTYP_F":0,"ELEVTYP_T":0},"geometry":{"type":"LineString","coordinates":[[-74.0219522332183,40.1949756811026],[-74.0218892538258,40.1949616668154],[-74.0211260002735,40.1947916828371],[-74.0210193358209,40.1947793265385]]}},{"type":"Feature","id":129726,"properties":{"OBJECTID":129726,"PRIMENAME":"Springdale Avenue","ELEVTYP_F":0,"ELEVTYP_T":0},"geometry":{"type":"LineString","coordinates":[[-74.0372093266396,40.206097451244],[-74.0371939334,40.2061245756172]]}},{"type":"Feature","id":129744,"properties":{"OBJECTID":129744,"PRIMENAME":"5th Avenue","ELEVTYP_F":0,"ELEVTYP_T":0},"geometry":{"type":"LineString","coordinates":[[-74.0204856759064,40.1915884136761],[-74.020417550359,40.1921072327458]]}},{"type":"Feature","id":129810,"properties":{"OBJECTID":129810,"PRIMENAME":"Unnamed Segment","ELEVTYP_F":0,"ELEVTYP_T":0},"geometry":{"type":"LineString","coordinates":[[-74.0394954283258,40.2042201559493],[-74.0395774271969,40.2042381542343],[-74.039785429195,40.2042991544456]]}},{"type":"Feature","id":130590,"properties":{"OBJECTID":130590,"PRIMENAME":"Ridge Avenue","ELEVTYP_F":0,"ELEVTYP_T":0},"geometry":{"type":"LineString","coordinates":[[-74.0230338702383,40.2081350897688],[-74.0230038199713,40.2080291090138],[-74.0231305026253,40.2076864738539],[-74.0233307546142,40.2071306163563]]}},{"type":"Feature","id":131080,"properties":{"OBJECTID":131080,"PRIMENAME":"Pittenger Place","ELEVTYP_F":0,"ELEVTYP_T":0},"geometry":{"type":"LineString","coordinates":[[-74.0480652592645,40.1977995858503],[-74.0480943066268,40.1977004025766],[-74.0481509615248,40.1976005317591],[-74.0482324572621,40.1974959806775],[-74.0483386025491,40.1974153827805],[-74.0484696686234,40.197339630346],[-74.0486191910589,40.1972878067974],[-74.0487498058728,40.197269236118],[-74.0488866221545,40.1972602429135],[-74.048998462963,40.1972654279421],[-74.0492716535345,40.1973141772539],[-74.0495509298384,40.1973629225813],[-74.0496389683702,40.1973782811624]]}},{"type":"Feature","id":131769,"properties":{"OBJECTID":131769,"PRIMENAME":"Lorraine Drive","ELEVTYP_F":0,"ELEVTYP_T":0},"geometry":{"type":"LineString","coordinates":[[-74.0473848376273,40.1944449896693],[-74.0476114972756,40.1936664124547],[-74.0478720629216,40.1927999819373],[-74.0479015301802,40.1927020089698]]}},{"type":"Feature","id":131865,"properties":{"OBJECTID":131865,"PRIMENAME":"Memorial Drive","ELEVTYP_F":0,"ELEVTYP_T":0},"geometry":{"type":"LineString","coordinates":[[-74.0227301386521,40.1938274450651],[-74.0227521169702,40.1937664267005],[-74.0230247941749,40.1930641505749],[-74.0230414682793,40.1930212093516],[-74.0230620295074,40.1929682578284],[-74.0230939279747,40.1928861116983],[-74.0231418116764,40.1927602469004]]}},{"type":"Feature","id":133058,"properties":{"OBJECTID":133058,"PRIMENAME":"Ridge Avenue","ELEVTYP_F":0,"ELEVTYP_T":0},"geometry":{"type":"LineString","coordinates":[[-74.0270058737152,40.1991106510005],[-74.0273783949909,40.1986088299461],[-74.0274424424833,40.1985212423732]]}},{"type":"Feature","id":133353,"properties":{"OBJECTID":133353,"PRIMENAME":"6th Avenue","ELEVTYP_F":0,"ELEVTYP_T":0},"geometry":{"type":"LineString","coordinates":[[-74.0372377063049,40.2061278219103],[-74.0372093266396,40.206097451244]]}},{"type":"Feature","id":134125,"properties":{"OBJECTID":134125,"PRIMENAME":"FR NJ 33 EB to RAMP B100840","ELEVTYP_F":0,"ELEVTYP_T":0},"geometry":{"type":"LineString","coordinates":[[-74.0504526555239,40.206291816061],[-74.0504485081812,40.2063277563679],[-74.0504462501393,40.2063637955115],[-74.0504458842025,40.2063998747329],[-74.0504474117675,40.2064359360302],[-74.0504508303636,40.2064719210078],[-74.0504561344581,40.2065077713937],[-74.0504712191385,40.2065761814969],[-74.0504872386292,40.2066444665562],[-74.0505041911713,40.2067126190625],[-74.0505220749034,40.2067806315215]]}},{"type":"Feature","id":135547,"properties":{"OBJECTID":135547,"PRIMENAME":"Unnamed Segment","ELEVTYP_F":0,"ELEVTYP_T":0},"geometry":{"type":"LineString","coordinates":[[-74.039937429114,40.2043631552373],[-74.0398154299863,40.2045451557394],[-74.0396934284845,40.2046921550312],[-74.0396254287426,40.2047611544989]]}},{"type":"Feature","id":137978,"properties":{"OBJECTID":137978,"PRIMENAME":"Corlies Avenue","ELEVTYP_F":0,"ELEVTYP_T":0},"geometry":{"type":"LineString","coordinates":[[-74.0430376339821,40.2071839807672],[-74.042686584159,40.2072318189153],[-74.0421383462903,40.2073065250743],[-74.0421358089278,40.207306870804],[-74.0420695035631,40.2073159061688]]}},{"type":"Feature","id":138060,"properties":{"OBJECTID":138060,"PRIMENAME":"Unnamed Segment","ELEVTYP_F":0,"ELEVTYP_T":0},"geometry":{"type":"LineString","coordinates":[[-74.0397004283536,40.2038041549351],[-74.0395024294393,40.2040411551475],[-74.039474427164,40.2041011546927],[-74.0394664301325,40.2041431546033],[-74.0394954283258,40.2042201559493]]}},{"type":"Feature","id":138871,"properties":{"OBJECTID":138871,"PRIMENAME":"FR RT 35 SB to NJ 71","ELEVTYP_F":0,"ELEVTYP_T":0},"geometry":{"type":"LineString","coordinates":[[-74.0247571972608,40.1913430864373],[-74.0247642977342,40.1912949907154],[-74.0247749002657,40.1912326075491],[-74.0247685794382,40.191168836323],[-74.0247655743561,40.1911406515089],[-74.0247587607725,40.1911128595899],[-74.0247482135656,40.1910857615689],[-74.0247340462256,40.1910596525258],[-74.0247223777972,40.1910424785893],[-74.0247091438747,40.1910259856871],[-74.0246944116908,40.1910102576076],[-74.02467825609,40.1909953742534],[-74.0246607591475,40.1909814112357],[-74.0246420097529,40.1909684394901],[-74.0246221031586,40.1909565249161],[-74.0246011404954,40.1909457280428],[-74.024587972259,40.190939743922],[-74.0245814766524,40.1909370269304],[-74.0245514846217,40.1909260046902],[-74.0245235916526,40.1909197033615],[-74.0244951609274,40.1909150243812],[-74.0244663526452,40.190911994114],[-74.0244373291322,40.1909106296345],[-74.0244179979614,40.190910632184],[-74.0243839221635,40.1909124619497],[-74.024350193818,40.19091660971],[-74.0243271490097,40.1909207613886],[-74.0243044862108,40.1909260059884]]}},{"type":"Feature","id":139297,"properties":{"OBJECTID":139297,"PRIMENAME":"FR NJ 18 NB to NJ 33 WB","ELEVTYP_F":0,"ELEVTYP_T":0},"geometry":{"type":"LineString","coordinates":[[-74.052613311808,40.2062956294176],[-74.0525237802633,40.2065111972309],[-74.0524376410759,40.2067275761553],[-74.0524065054536,40.2067917548213],[-74.0523730038741,40.2068552292344],[-74.0523371633864,40.2069179481332],[-74.052299012929,40.2069798608659],[-74.0522519931461,40.2070504766089],[-74.0522019685958,40.2071198680287],[-74.052167962091,40.2071553290932],[-74.0521320454034,40.207189665229],[-74.0520942817576,40.2072228159909],[-74.0520547376299,40.2072547230206],[-74.0520134826313,40.207285330149],[-74.0519705893849,40.2073145834952],[-74.0519261333982,40.2073424315617],[-74.0518801929298,40.2073688253245],[-74.0518358798916,40.2073858474476],[-74.0517900349356,40.2074002891334],[-74.0517429132487,40.2074120699946],[-74.0516947771254,40.2074211244554],[-74.0516458945068,40.2074274021154],[-74.0515965374898,40.2074308680314],[-74.051546980812,40.2074315029107],[-74.0514975003225,40.2074293032196],[-74.05146256631,40.2074246756999],[-74.0514281710558,40.2074180900289],[-74.0513945010103,40.2074095819063],[-74.0513617386926,40.2073991974531],[-74.0513300617008,40.2073869929615],[-74.0512996417495,40.2073730345899],[-74.0512706437387,40.207357398004],[-74.0512432248601,40.2073401679669],[-74.0512058854511,40.2073164453621],[-74.0511704697368,40.2072910477931]]}},{"type":"Feature","id":139501,"properties":{"OBJECTID":139501,"PRIMENAME":"Summerlan Place","ELEVTYP_F":0,"ELEVTYP_T":0},"geometry":{"type":"LineString","coordinates":[[-74.0374279434003,40.2046709832591],[-74.0366994925544,40.204389618832],[-74.0366030759914,40.2043523638442]]}},{"type":"Feature","id":139699,"properties":{"OBJECTID":139699,"PRIMENAME":"FR RAMP B102220 to CO 40 SB","ELEVTYP_F":1,"ELEVTYP_T":0},"geometry":{"type":"LineString","coordinates":[[-74.023161834316,40.1927075381219],[-74.0232877200452,40.192740285418],[-74.0234426444394,40.1928029113157]]}},{"type":"Feature","id":143034,"properties":{"OBJECTID":143034,"PRIMENAME":"Monmouth Avenue","ELEVTYP_F":0,"ELEVTYP_T":0},"geometry":{"type":"LineString","coordinates":[[-74.0197416189343,40.1982279822822],[-74.019615356173,40.198186554291],[-74.0185961509227,40.1978521477475]]}},{"type":"Feature","id":144509,"properties":{"OBJECTID":144509,"PRIMENAME":"Unnamed Segment","ELEVTYP_F":0,"ELEVTYP_T":0},"geometry":{"type":"LineString","coordinates":[[-74.0310934256685,40.1971731541182],[-74.0314654265484,40.1973831547148],[-74.031487424546,40.1973971537594]]}},{"type":"Feature","id":145408,"properties":{"OBJECTID":145408,"PRIMENAME":"Unnamed Segment","ELEVTYP_F":0,"ELEVTYP_T":0},"geometry":{"type":"LineString","coordinates":[[-74.0318004262519,40.197583155596],[-74.0321174255906,40.1977561552957],[-74.0322191897752,40.1978132486834]]}},{"type":"Feature","id":146466,"properties":{"OBJECTID":146466,"PRIMENAME":"Grove Place","ELEVTYP_F":0,"ELEVTYP_T":0},"geometry":{"type":"LineString","coordinates":[[-74.0495310444925,40.2031374539673],[-74.0495070222367,40.2031478659434],[-74.049444834662,40.203147623917],[-74.0487804975021,40.203035418013],[-74.0487593871399,40.2030272224561]]}},{"type":"Feature","id":146480,"properties":{"OBJECTID":146480,"PRIMENAME":"Pittenger Place","ELEVTYP_F":0,"ELEVTYP_T":0},"geometry":{"type":"LineString","coordinates":[[-74.0472492957675,40.2004800548601],[-74.0474540521647,40.1998114780405]]}},{"type":"Feature","id":146810,"properties":{"OBJECTID":146810,"PRIMENAME":"Lincoln Avenue","ELEVTYP_F":0,"ELEVTYP_T":0},"geometry":{"type":"LineString","coordinates":[[-74.0206216955136,40.1905525027092],[-74.0215279799599,40.190625707507]]}},{"type":"Feature","id":146982,"properties":{"OBJECTID":146982,"PRIMENAME":"West Concourse","ELEVTYP_F":0,"ELEVTYP_T":0},"geometry":{"type":"LineString","coordinates":[[-74.0281235538232,40.1915589359311],[-74.0279008232932,40.1916881258654],[-74.0278258301676,40.1917497801598],[-74.0277109592371,40.1918700831033],[-74.0276943587752,40.1918874677586],[-74.0275439052131,40.1920727360552],[-74.0274792253563,40.1921440406095]]}},{"type":"Feature","id":147030,"properties":{"OBJECTID":147030,"PRIMENAME":"Atkins Avenue","ELEVTYP_F":0,"ELEVTYP_T":0},"geometry":{"type":"LineString","coordinates":[[-74.0205774101913,40.2066969978759],[-74.0204748822465,40.2069891900064],[-74.0204429977219,40.2071034523383],[-74.0204168017925,40.2072844483371],[-74.0203717160184,40.2077071407674]]}},{"type":"Feature","id":147126,"properties":{"OBJECTID":147126,"PRIMENAME":"Midwood Street","ELEVTYP_F":0,"ELEVTYP_T":0},"geometry":{"type":"LineString","coordinates":[[-74.0238103425227,40.1976927736215],[-74.0243021620443,40.1977910173741],[-74.0246053968374,40.1978515877349],[-74.02490328355,40.1979195208802]]}},{"type":"Feature","id":147730,"properties":{"OBJECTID":147730,"PRIMENAME":"Hillside Drive","ELEVTYP_F":0,"ELEVTYP_T":0},"geometry":{"type":"LineString","coordinates":[[-74.0470302488255,40.1976896555006],[-74.0470786515063,40.1976249467788],[-74.0473169435793,40.1973065500676],[-74.0473988608897,40.1971979112541]]}},{"type":"Feature","id":148139,"properties":{"OBJECTID":148139,"PRIMENAME":"Overbrook Place","ELEVTYP_F":0,"ELEVTYP_T":0},"geometry":{"type":"LineString","coordinates":[[-74.0441854116251,40.2020787299283],[-74.0446703716628,40.2022264665675],[-74.044955711476,40.2023133777429],[-74.0451790277203,40.2023809925893],[-74.04529928269,40.2024193500478]]}},{"type":"Feature","id":148250,"properties":{"OBJECTID":148250,"PRIMENAME":"East End Avenue","ELEVTYP_F":0,"ELEVTYP_T":0},"geometry":{"type":"LineString","coordinates":[[-74.0391235261612,40.1983931067483],[-74.0393087765643,40.1981684035402],[-74.0395468488273,40.1978881538913],[-74.0397285495315,40.1976743610488],[-74.0398287767021,40.1975651690443],[-74.0399099307341,40.1975130570472],[-74.0400221867148,40.1974515430447],[-74.0402089509515,40.1974046266981],[-74.0410246110609,40.1971886266844],[-74.0411512086122,40.1971587064598],[-74.0412556024237,40.1971340337066],[-74.0416924655253,40.1970265689842]]}},{"type":"Feature","id":148460,"properties":{"OBJECTID":148460,"PRIMENAME":"NNP","ELEVTYP_F":0,"ELEVTYP_T":0},"geometry":{"type":"LineString","coordinates":[[-74.0258796650028,40.2069810356672],[-74.0258253418661,40.2071120435536],[-74.0257726225961,40.2072434360803],[-74.0257215118338,40.2073752017041],[-74.0256720140788,40.2075073288487]]}},{"type":"Feature","id":148518,"properties":{"OBJECTID":148518,"PRIMENAME":"Gray Place","ELEVTYP_F":0,"ELEVTYP_T":0},"geometry":{"type":"LineString","coordinates":[[-74.0223467625903,40.1986353409852],[-74.0220647732344,40.1994186901234],[-74.0220473191245,40.1994671814889]]}},{"type":"Feature","id":148568,"properties":{"OBJECTID":148568,"PRIMENAME":"5th Avenue","ELEVTYP_F":0,"ELEVTYP_T":0},"geometry":{"type":"LineString","coordinates":[[-74.0235493519339,40.2029076728631],[-74.0236114570066,40.2029176377192],[-74.0242655869303,40.203024133115],[-74.0247738073803,40.2031068695998]]}},{"type":"Feature","id":148649,"properties":{"OBJECTID":148649,"PRIMENAME":"West Sylvania Avenue","ELEVTYP_F":0,"ELEVTYP_T":0},"geometry":{"type":"LineString","coordinates":[[-74.0410692968953,40.2039097871529],[-74.0417659315764,40.2043239961255],[-74.0419516869881,40.2044295993986],[-74.0420694473944,40.204482472789],[-74.0421570629396,40.2045246277119],[-74.04224917477,40.2045689457523],[-74.0424042001264,40.204612493772],[-74.0424108833115,40.2046141675221]]}},{"type":"Feature","id":149464,"properties":{"OBJECTID":149464,"PRIMENAME":"Norwood Lane","ELEVTYP_F":0,"ELEVTYP_T":0},"geometry":{"type":"LineString","coordinates":[[-74.0201425619428,40.1941886215234],[-74.0199932959296,40.1941766650179],[-74.0180857088918,40.1940239545298]]}},{"type":"Feature","id":149489,"properties":{"OBJECTID":149489,"PRIMENAME":"Windsor Court","ELEVTYP_F":0,"ELEVTYP_T":0},"geometry":{"type":"LineString","coordinates":[[-74.0303998860153,40.1958673272919],[-74.0306829452646,40.1955670734577]]}},{"type":"Feature","id":149971,"properties":{"OBJECTID":149971,"PRIMENAME":"Oliver Drive","ELEVTYP_F":0,"ELEVTYP_T":0},"geometry":{"type":"LineString","coordinates":[[-74.0441854116251,40.2020787299283],[-74.0441547878858,40.2021767791839],[-74.043786376774,40.2033573269913],[-74.0436504326662,40.2037903447864],[-74.0436058309883,40.2039324060138]]}},{"type":"Feature","id":150692,"properties":{"OBJECTID":150692,"PRIMENAME":"3rd Avenue","ELEVTYP_F":0,"ELEVTYP_T":0},"geometry":{"type":"LineString","coordinates":[[-74.026689753219,40.2013111630432],[-74.0256514871352,40.2011444524535],[-74.02551815932,40.201103386544]]}},{"type":"Feature","id":150876,"properties":{"OBJECTID":150876,"PRIMENAME":"West Concourse","ELEVTYP_F":0,"ELEVTYP_T":0},"geometry":{"type":"LineString","coordinates":[[-74.0273162339333,40.1922148626959],[-74.0273295659716,40.19221491623],[-74.0273917742527,40.1922056446673],[-74.0274479586246,40.1921772685833],[-74.0274792253563,40.1921440406095]]}},{"type":"Feature","id":150952,"properties":{"OBJECTID":150952,"PRIMENAME":"Westwood Place","ELEVTYP_F":0,"ELEVTYP_T":0},"geometry":{"type":"LineString","coordinates":[[-74.0524277171251,40.2028141984838],[-74.0522692176999,40.2027868193318],[-74.052228330532,40.2027800916685],[-74.0512012621621,40.2026111054619],[-74.0511971136476,40.2026103481236]]}},{"type":"Feature","id":151134,"properties":{"OBJECTID":151134,"PRIMENAME":"Brighton Avenue","ELEVTYP_F":0,"ELEVTYP_T":0},"geometry":{"type":"LineString","coordinates":[[-74.0513511852821,40.204880526913],[-74.0514710771805,40.2048480926155],[-74.0517340300476,40.2047769555146],[-74.0520627179064,40.204683543651]]}},{"type":"Feature","id":151153,"properties":{"OBJECTID":151153,"PRIMENAME":"McAneny Street","ELEVTYP_F":0,"ELEVTYP_T":0},"geometry":{"type":"LineString","coordinates":[[-74.0243477215918,40.1998371636885],[-74.0243297632623,40.1999427281185],[-74.02428628622,40.2000626768174],[-74.0240382291243,40.2007470157818],[-74.0240032559629,40.2008435052501]]}},{"type":"Feature","id":151206,"properties":{"OBJECTID":151206,"PRIMENAME":"Batchelor Place","ELEVTYP_F":0,"ELEVTYP_T":0},"geometry":{"type":"LineString","coordinates":[[-74.0224738543917,40.1902756935609],[-74.0232479325442,40.1903245652663],[-74.0233111094073,40.1903405007721]]}},{"type":"Feature","id":151656,"properties":{"OBJECTID":151656,"PRIMENAME":"South Riverside Drive","ELEVTYP_F":0,"ELEVTYP_T":0},"geometry":{"type":"LineString","coordinates":[[-74.0402558542273,40.1955538203941],[-74.0404702735948,40.1956200643198],[-74.0415308065762,40.1959579007891],[-74.0415928810842,40.1959774408628],[-74.0420828106804,40.196131664134],[-74.0422132335859,40.1961735254312],[-74.042578924397,40.1962909013056],[-74.0427834395839,40.19637749939],[-74.042828796331,40.1964042520248]]}},{"type":"Feature","id":151931,"properties":{"OBJECTID":151931,"PRIMENAME":"FR RAMP B102220 to CO 40 SB","ELEVTYP_F":0,"ELEVTYP_T":0},"geometry":{"type":"LineString","coordinates":[[-74.0234426444394,40.1928029113157],[-74.023510682946,40.192850821764],[-74.0236054061198,40.1929731566628],[-74.0236289338421,40.1930282684969],[-74.0236406971301,40.1930558244096],[-74.0236626252132,40.1931247108784],[-74.0236637423552,40.1931851111215],[-74.023650750735,40.1932612655566],[-74.0236129169359,40.1933373736063],[-74.023553988353,40.1933943419541],[-74.0234693122175,40.1934320982765],[-74.023388418721,40.1934460679794],[-74.0233014645792,40.1934409606974],[-74.0232270995808,40.1934120490273],[-74.0231527992079,40.1933688889016],[-74.0231034778474,40.1933114469551],[-74.0230787224342,40.193242686539],[-74.0230659732172,40.19314633027],[-74.0230802643066,40.1930225778904],[-74.0231418116764,40.1927602469004]]}},{"type":"Feature","id":152606,"properties":{"OBJECTID":152606,"PRIMENAME":"Helen Terrace","ELEVTYP_F":0,"ELEVTYP_T":0},"geometry":{"type":"LineString","coordinates":[[-74.050854324717,40.1946960771648],[-74.0499239837825,40.1945285167236],[-74.0498556413511,40.1945235017411],[-74.0497809483947,40.1945422911821],[-74.0493077174643,40.1946786737],[-74.0492222105416,40.1947033228024]]}},{"type":"Feature","id":152996,"properties":{"OBJECTID":152996,"PRIMENAME":"Overlook Drive","ELEVTYP_F":0,"ELEVTYP_T":0},"geometry":{"type":"LineString","coordinates":[[-74.0461628706383,40.1966758103639],[-74.0460713809597,40.1967488323249],[-74.0460089168519,40.1967962177564],[-74.0459404137026,40.1968150010597],[-74.045797277504,40.1968430449789],[-74.0447132103288,40.1970368467022],[-74.0444778707739,40.1970789191056]]}},{"type":"Feature","id":153267,"properties":{"OBJECTID":153267,"PRIMENAME":"Evergreen Avenue","ELEVTYP_F":0,"ELEVTYP_T":0},"geometry":{"type":"LineString","coordinates":[[-74.0231129622585,40.1996383784288],[-74.024231176203,40.1998184290028],[-74.024287929509,40.1998275518883],[-74.0243477215918,40.1998371636885]]}},{"type":"Feature","id":153448,"properties":{"OBJECTID":153448,"PRIMENAME":"Ridge Terrace","ELEVTYP_F":0,"ELEVTYP_T":0},"geometry":{"type":"LineString","coordinates":[[-74.0246475933431,40.1991349782089],[-74.0244704150009,40.1993809117672],[-74.0244326804402,40.1994474939815],[-74.0243621341038,40.1997522299284],[-74.0243477215918,40.1998371636885]]}},{"type":"Feature","id":153588,"properties":{"OBJECTID":153588,"PRIMENAME":"Bradley Boulevard","ELEVTYP_F":0,"ELEVTYP_T":0},"geometry":{"type":"LineString","coordinates":[[-74.0194481799469,40.1963286372674],[-74.0201834424145,40.1966065701502],[-74.0203104080502,40.1966545618522]]}},{"type":"Feature","id":153590,"properties":{"OBJECTID":153590,"PRIMENAME":"3rd Avenue","ELEVTYP_F":0,"ELEVTYP_T":0},"geometry":{"type":"LineString","coordinates":[[-74.0369774905536,40.2029452700807],[-74.0370821415532,40.2029613369231],[-74.0378548619309,40.2030798898546]]}},{"type":"Feature","id":153728,"properties":{"OBJECTID":153728,"PRIMENAME":"Unnamed Segment","ELEVTYP_F":0,"ELEVTYP_T":0},"geometry":{"type":"LineString","coordinates":[[-74.0406640291722,40.2036630740746],[-74.04058442895,40.2037601552219],[-74.0404524293124,40.2039621540115],[-74.040174429596,40.2044361543798]]}},{"type":"Feature","id":153984,"properties":{"OBJECTID":153984,"PRIMENAME":"Woodland Lane","ELEVTYP_F":0,"ELEVTYP_T":0},"geometry":{"type":"LineString","coordinates":[[-74.0182143263795,40.1929827453336],[-74.0197004710815,40.1930999117256],[-74.0202828653489,40.1931458390308]]}},{"type":"Feature","id":155206,"properties":{"OBJECTID":155206,"PRIMENAME":"Garfield Avenue","ELEVTYP_F":0,"ELEVTYP_T":0},"geometry":{"type":"LineString","coordinates":[[-74.0213906404449,40.1916578528733],[-74.0212098180691,40.1916440102579]]}},{"type":"Feature","id":155446,"properties":{"OBJECTID":155446,"PRIMENAME":"Ridge Avenue","ELEVTYP_F":0,"ELEVTYP_T":0},"geometry":{"type":"LineString","coordinates":[[-74.02551815932,40.201103386544],[-74.0259721689318,40.2004963749674]]}},{"type":"Feature","id":155685,"properties":{"OBJECTID":155685,"PRIMENAME":"West Sylvania Avenue","ELEVTYP_F":0,"ELEVTYP_T":0},"geometry":{"type":"LineString","coordinates":[[-74.034903883585,40.1998067586283],[-74.0361179874677,40.200331362255],[-74.0362266648251,40.200380965486]]}},{"type":"Feature","id":156078,"properties":{"OBJECTID":156078,"PRIMENAME":"Memorial Drive","ELEVTYP_F":0,"ELEVTYP_T":0},"geometry":{"type":"LineString","coordinates":[[-74.023161834316,40.1927075381219],[-74.0231867051312,40.1926422479664]]}},{"type":"Feature","id":156247,"properties":{"OBJECTID":156247,"PRIMENAME":"FR NJ 33 EB to RAMP B100840","ELEVTYP_F":0,"ELEVTYP_T":0},"geometry":{"type":"LineString","coordinates":[[-74.0504749594638,40.2061893943458],[-74.0504713222426,40.2062020785699],[-74.0504679263458,40.2062148020645],[-74.050464772494,40.2062275621307],[-74.0504618613562,40.2062403560619],[-74.0504591935501,40.2062531811439],[-74.0504567696418,40.2062660346564],[-74.0504545901456,40.2062789138728],[-74.0504526555239,40.206291816061]]}},{"type":"Feature","id":156397,"properties":{"OBJECTID":156397,"PRIMENAME":"Bradley Street","ELEVTYP_F":0,"ELEVTYP_T":0},"geometry":{"type":"LineString","coordinates":[[-74.0254789537915,40.1957267993233],[-74.0248511405551,40.1955934670014],[-74.0245882579316,40.1955384157065]]}},{"type":"Feature","id":156523,"properties":{"OBJECTID":156523,"PRIMENAME":"Oxford Way","ELEVTYP_F":0,"ELEVTYP_T":0},"geometry":{"type":"LineString","coordinates":[[-74.0424108833115,40.2046141675221],[-74.0423349380063,40.2047480559135],[-74.0422971827899,40.204814615911],[-74.0422717905474,40.2048955553946],[-74.0422713097451,40.2049670399359],[-74.0422956762049,40.2050386236245],[-74.0423449264315,40.2051103047877],[-74.0424376774893,40.2051821578844],[-74.0425246372426,40.2052360610181],[-74.0427162552105,40.2053548369526],[-74.0434975198215,40.2058313063217]]}},{"type":"Feature","id":156839,"properties":{"OBJECTID":156839,"PRIMENAME":"FR RAMP A100830 to NJ 33 EB","ELEVTYP_F":0,"ELEVTYP_T":0},"geometry":{"type":"LineString","coordinates":[[-74.0511704697368,40.2072910477931],[-74.0510542307529,40.2072243695059],[-74.0509391231058,40.2071565474],[-74.050893402325,40.2071291012442],[-74.0508561952667,40.2071053488184],[-74.0508212573258,40.2070796503259],[-74.0507887612638,40.207052132843],[-74.0507588677668,40.2070229324404],[-74.0507317246511,40.2069921935105],[-74.0507074661319,40.2069600680533],[-74.0506862121603,40.2069267149248],[-74.0506680678295,40.2068922990513],[-74.0506542556005,40.2068453671864],[-74.0506416389659,40.2067982378411],[-74.0506302227159,40.2067509289185],[-74.0506200111846,40.2067034583899]]}},{"type":"Feature","id":156940,"properties":{"OBJECTID":156940,"PRIMENAME":"Overlook Drive","ELEVTYP_F":0,"ELEVTYP_T":0},"geometry":{"type":"LineString","coordinates":[[-74.0484592618413,40.1954056896644],[-74.0483170678711,40.1955136005314],[-74.0479805142835,40.1957569174129]]}},{"type":"Feature","id":157604,"properties":{"OBJECTID":157604,"PRIMENAME":"Unnamed Segment","ELEVTYP_F":0,"ELEVTYP_T":0},"geometry":{"type":"LineString","coordinates":[[-74.0316768527137,40.1965638426702],[-74.0314694251864,40.1967861535228],[-74.0313084240125,40.1969551537139],[-74.0311714259352,40.1971011548955],[-74.0310934256685,40.1971731541182]]}},{"type":"Feature","id":158200,"properties":{"OBJECTID":158200,"PRIMENAME":"Cedar Place","ELEVTYP_F":0,"ELEVTYP_T":0},"geometry":{"type":"LineString","coordinates":[[-74.0461260698096,40.1916497198775],[-74.046140460013,40.1915960248822],[-74.0461597331392,40.1915240644139],[-74.0461787123497,40.1914532007127],[-74.0461916093821,40.1913817646542],[-74.0461982514104,40.1913198305194],[-74.0461863027534,40.1912435198809],[-74.0461620323227,40.191157635392],[-74.0461257180643,40.1910097426039],[-74.04611066289,40.1909482719149]]}},{"type":"Feature","id":158783,"properties":{"OBJECTID":158783,"PRIMENAME":"Prospect Avenue","ELEVTYP_F":0,"ELEVTYP_T":0},"geometry":{"type":"LineString","coordinates":[[-74.0447328989803,40.1906991652649],[-74.0459957103384,40.1909282206645],[-74.04611066289,40.1909482719149]]}},{"type":"Feature","id":158852,"properties":{"OBJECTID":158852,"PRIMENAME":"Main Street","ELEVTYP_F":0,"ELEVTYP_T":0},"geometry":{"type":"LineString","coordinates":[[-74.020624259799,40.1957706522901],[-74.0205326800933,40.1960356846188]]}},{"type":"Feature","id":158856,"properties":{"OBJECTID":158856,"PRIMENAME":"Memorial Drive","ELEVTYP_F":0,"ELEVTYP_T":0},"geometry":{"type":"LineString","coordinates":[[-74.019352117366,40.2033067135692],[-74.0196833879107,40.2023755793095],[-74.0197139431006,40.2022922506039]]}},{"type":"Feature","id":159122,"properties":{"OBJECTID":159122,"PRIMENAME":"Clayton Avenue","ELEVTYP_F":0,"ELEVTYP_T":0},"geometry":{"type":"LineString","coordinates":[[-74.0505260380267,40.1957768208376],[-74.0505819473673,40.1955939288828],[-74.0506512106941,40.1953672474739]]}},{"type":"Feature","id":159261,"properties":{"OBJECTID":159261,"PRIMENAME":"Beverly Way","ELEVTYP_F":0,"ELEVTYP_T":0},"geometry":{"type":"LineString","coordinates":[[-74.0462914513487,40.1942498313805],[-74.0462217606273,40.194237671119],[-74.0460293839022,40.1941939808019],[-74.0457751138224,40.1941072220354],[-74.0455457583139,40.1940205316963],[-74.0454154637734,40.1939866654351],[-74.0452974359343,40.1939814256295],[-74.0451730513481,40.1939952397296],[-74.0447681213919,40.194136648297],[-74.044269621082,40.1943300676832],[-74.0441699832706,40.1943582808394],[-74.0440954167291,40.1943579872086],[-74.0439835173039,40.1943623236571],[-74.0438469937524,40.1943284031747],[-74.043704209978,40.1942992620571],[-74.0435862169792,40.1942940206437],[-74.0434431812503,40.1943077314272],[-74.0430718813218,40.1943871453151],[-74.042764755471,40.194452831216],[-74.0423016981155,40.1945541962054]]}},{"type":"Feature","id":159333,"properties":{"OBJECTID":159333,"PRIMENAME":"Brinley Avenue","ELEVTYP_F":0,"ELEVTYP_T":0},"geometry":{"type":"LineString","coordinates":[[-74.033892785125,40.2055878295144],[-74.0337587267571,40.2055835014124],[-74.0334668346364,40.2055489428406],[-74.0329425476775,40.2054658158153]]}},{"type":"Feature","id":159541,"properties":{"OBJECTID":159541,"PRIMENAME":"West Concourse","ELEVTYP_F":0,"ELEVTYP_T":0},"geometry":{"type":"LineString","coordinates":[[-74.0270102939076,40.1921626880575],[-74.0272550019556,40.1922146117655],[-74.0273162339333,40.1922148626959]]}},{"type":"Feature","id":161468,"properties":{"OBJECTID":161468,"PRIMENAME":"Rosewood Place","ELEVTYP_F":0,"ELEVTYP_T":0},"geometry":{"type":"LineString","coordinates":[[-74.0222404690863,40.196676846027],[-74.0223201132324,40.1966935363388],[-74.0231594239518,40.1968696458954]]}},{"type":"Feature","id":162046,"properties":{"OBJECTID":162046,"PRIMENAME":"3rd Avenue","ELEVTYP_F":0,"ELEVTYP_T":0},"geometry":{"type":"LineString","coordinates":[[-74.0271450616178,40.2013842670382],[-74.026689753219,40.2013111630432]]}},{"type":"Feature","id":162285,"properties":{"OBJECTID":162285,"PRIMENAME":"Hamilton Avenue","ELEVTYP_F":0,"ELEVTYP_T":0},"geometry":{"type":"LineString","coordinates":[[-74.0320084963948,40.2063800849089],[-74.031995273099,40.2062150416829],[-74.0319611520185,40.2057577716759],[-74.031932657397,40.2053759197151],[-74.0319273460087,40.205304796406]]}},{"type":"Feature","id":162425,"properties":{"OBJECTID":162425,"PRIMENAME":"Robbins Road","ELEVTYP_F":0,"ELEVTYP_T":0},"geometry":{"type":"LineString","coordinates":[[-74.049147123145,40.2015218202445],[-74.047044352558,40.201149260975]]}},{"type":"Feature","id":163150,"properties":{"OBJECTID":163150,"PRIMENAME":"Lakeview Avenue","ELEVTYP_F":0,"ELEVTYP_T":0},"geometry":{"type":"LineString","coordinates":[[-74.0369295593927,40.2065904236146],[-74.0367478576659,40.2066154198222],[-74.0340537135265,40.2069858948849],[-74.033936304708,40.2070020315393]]}},{"type":"Feature","id":163162,"properties":{"OBJECTID":163162,"PRIMENAME":"Unnamed Segment","ELEVTYP_F":0,"ELEVTYP_T":0},"geometry":{"type":"LineString","coordinates":[[-74.0392714291817,40.2046071558267],[-74.0392314289393,40.2046691556842]]}},{"type":"Feature","id":164926,"properties":{"OBJECTID":164926,"PRIMENAME":"West End Avenue","ELEVTYP_F":0,"ELEVTYP_T":0},"geometry":{"type":"LineString","coordinates":[[-74.0387280380826,40.2016788431064],[-74.0387945665058,40.2015931541827],[-74.0390453669298,40.2012700753819]]}},{"type":"Feature","id":165753,"properties":{"OBJECTID":165753,"PRIMENAME":"Pond Road","ELEVTYP_F":0,"ELEVTYP_T":0},"geometry":{"type":"LineString","coordinates":[[-74.0403424300857,40.2050951552515],[-74.040756428743,40.2043471563032]]}},{"type":"Feature","id":167476,"properties":{"OBJECTID":167476,"PRIMENAME":"Garfield Lane","ELEVTYP_F":0,"ELEVTYP_T":0},"geometry":{"type":"LineString","coordinates":[[-74.0184874991815,40.1909076129355],[-74.0205531198743,40.1910746697012]]}},{"type":"Feature","id":168912,"properties":{"OBJECTID":168912,"PRIMENAME":"Cliffwood Drive","ELEVTYP_F":0,"ELEVTYP_T":0},"geometry":{"type":"LineString","coordinates":[[-74.0432415260864,40.1911278387545],[-74.0431522827527,40.1911761870384],[-74.0430729473138,40.1912468669776],[-74.0430073581684,40.1913176002248],[-74.042968976102,40.1914199843011],[-74.0429410366975,40.1915114015364],[-74.0428768515848,40.1917214080843],[-74.0428593345533,40.1917819543685]]}},{"type":"Feature","id":169769,"properties":{"OBJECTID":169769,"PRIMENAME":"North Riverside Drive","ELEVTYP_F":0,"ELEVTYP_T":0},"geometry":{"type":"LineString","coordinates":[[-74.0459695887755,40.20095886688],[-74.0459908584072,40.2009798423347],[-74.0463248096606,40.201233769933],[-74.0465536224643,40.2014109949854],[-74.0467144045833,40.2015355456993],[-74.0467917194333,40.2015866356177],[-74.0468814761142,40.2016458172038],[-74.0470053068437,40.2017225655076],[-74.0471044116208,40.2017706106405],[-74.0471903419902,40.2018183024303],[-74.0472964889775,40.2018571520435],[-74.0474019884229,40.2018909462469],[-74.0475230468361,40.2019325433637],[-74.0476811650049,40.2019682731671],[-74.0477990838083,40.2019973401616],[-74.0480536352039,40.2020412423501],[-74.0489255797527,40.2021969499189]]}},{"type":"Feature","id":170099,"properties":{"OBJECTID":170099,"PRIMENAME":"Village Place","ELEVTYP_F":0,"ELEVTYP_T":0},"geometry":{"type":"LineString","coordinates":[[-74.0328624250778,40.1977991530062],[-74.0326214254654,40.1980621543569],[-74.032295426074,40.1984001540995],[-74.0322454271896,40.1984661534334]]}},{"type":"Feature","id":170317,"properties":{"OBJECTID":170317,"PRIMENAME":"Laurel Avenue","ELEVTYP_F":0,"ELEVTYP_T":0},"geometry":{"type":"LineString","coordinates":[[-74.0294149237715,40.199639460799],[-74.029562949116,40.1990871675424],[-74.0295961136282,40.198960992694]]}},{"type":"Feature","id":170381,"properties":{"OBJECTID":170381,"PRIMENAME":"Beverly Way","ELEVTYP_F":0,"ELEVTYP_T":0},"geometry":{"type":"LineString","coordinates":[[-74.0473848376273,40.1944449896693],[-74.0472770556697,40.1944276571442],[-74.0470038815826,40.1943836803666],[-74.0467555838465,40.1943350781032],[-74.0465011301344,40.1942864232713],[-74.0462914513487,40.1942498313805]]}},{"type":"Feature","id":170959,"properties":{"OBJECTID":170959,"PRIMENAME":"New York Road","ELEVTYP_F":0,"ELEVTYP_T":0},"geometry":{"type":"LineString","coordinates":[[-74.0303412172709,40.1902360886091],[-74.0302042897048,40.1902057197748],[-74.0294162591313,40.1900309405626]]}},{"type":"Feature","id":172466,"properties":{"OBJECTID":172466,"PRIMENAME":"Woodland Avenue","ELEVTYP_F":0,"ELEVTYP_T":0},"geometry":{"type":"LineString","coordinates":[[-74.0286069685568,40.1986970750756],[-74.0287280006226,40.1987349035015],[-74.0290983755712,40.1988517393144],[-74.0294334426653,40.1989388910189],[-74.0295514118797,40.1989536731976],[-74.0295961136282,40.198960992694]]}},{"type":"Feature","id":173246,"properties":{"OBJECTID":173246,"PRIMENAME":"Valley Road","ELEVTYP_F":0,"ELEVTYP_T":0},"geometry":{"type":"LineString","coordinates":[[-74.04211033585,40.1945090488011],[-74.0420499546045,40.194459532231],[-74.0419999284436,40.1944231848352],[-74.0419510255276,40.1943876542708],[-74.0418273772618,40.194291849238],[-74.0417348660968,40.1941866417953],[-74.0416672308335,40.1940767276657],[-74.0415749128181,40.1939429154182],[-74.0414396109515,40.1937279198213],[-74.0413805255906,40.1936403310914]]}},{"type":"Feature","id":174029,"properties":{"OBJECTID":174029,"PRIMENAME":"Memorial Drive","ELEVTYP_F":0,"ELEVTYP_T":0},"geometry":{"type":"LineString","coordinates":[[-74.0200807201072,40.2012900226728],[-74.0202601705523,40.2007908548977],[-74.0204369462089,40.2002848405045]]}},{"type":"Feature","id":174511,"properties":{"OBJECTID":174511,"PRIMENAME":"Memorial Drive","ELEVTYP_F":0,"ELEVTYP_T":0},"geometry":{"type":"LineString","coordinates":[[-74.0207229839644,40.1994433404342],[-74.0207810070827,40.1992059234701],[-74.0208699156557,40.1989393975305],[-74.0210158162371,40.1985205809203],[-74.0211361296261,40.1982017771659],[-74.0213865264006,40.1975148869063],[-74.0214466743984,40.1973498898007],[-74.0218648969361,40.1962125272194],[-74.0220994473684,40.195555785531],[-74.0223972106981,40.1947515547527],[-74.0227301386521,40.1938274450651]]}},{"type":"Feature","id":175480,"properties":{"OBJECTID":175480,"PRIMENAME":"Fairview Place","ELEVTYP_F":0,"ELEVTYP_T":0},"geometry":{"type":"LineString","coordinates":[[-74.0391588132598,40.1932495328607],[-74.0392550664922,40.1932664694907],[-74.0412787284929,40.1936224132405],[-74.0413805255906,40.1936403310914]]}},{"type":"Feature","id":176183,"properties":{"OBJECTID":176183,"PRIMENAME":"West Sylvania Avenue","ELEVTYP_F":0,"ELEVTYP_T":0},"geometry":{"type":"LineString","coordinates":[[-74.0400901659561,40.2033011106871],[-74.0401192174313,40.2033261252239],[-74.0403048752777,40.2034507836094],[-74.0403569826091,40.2034815827985],[-74.0404717085046,40.2035493969496]]}},{"type":"Feature","id":176898,"properties":{"OBJECTID":176898,"PRIMENAME":"Brinley Avenue","ELEVTYP_F":0,"ELEVTYP_T":0},"geometry":{"type":"LineString","coordinates":[[-74.0295429971818,40.2049259763131],[-74.0286670876741,40.2047860008609],[-74.0267579279067,40.2044844697199]]}},{"type":"Feature","id":177164,"properties":{"OBJECTID":177164,"PRIMENAME":"Unnamed Segment","ELEVTYP_F":0,"ELEVTYP_T":0},"geometry":{"type":"LineString","coordinates":[[-74.0474874320519,40.2039741549842],[-74.0475624325168,40.2040791541486],[-74.0482394304037,40.2036641549069],[-74.048298431467,40.2036141554782],[-74.0482664317968,40.2035831555159],[-74.0477214316198,40.2034851543506],[-74.0475734306319,40.2033711550743],[-74.0474634316936,40.2032291554184],[-74.0472264301785,40.2031241549263]]}},{"type":"Feature","id":178117,"properties":{"OBJECTID":178117,"PRIMENAME":"Carton Avenue","ELEVTYP_F":0,"ELEVTYP_T":0},"geometry":{"type":"LineString","coordinates":[[-74.0518131033528,40.2005933216779],[-74.0519346259691,40.2001945763538]]}},{"type":"Feature","id":179148,"properties":{"OBJECTID":179148,"PRIMENAME":"Smock Avenue","ELEVTYP_F":0,"ELEVTYP_T":0},"geometry":{"type":"LineString","coordinates":[[-74.0487593871399,40.2030272224561],[-74.0487185032702,40.2030113481251],[-74.0486939400716,40.2029683433658],[-74.0487130633209,40.2028921551678],[-74.0489036953012,40.2022685438726],[-74.0489255797527,40.2021969499189]]}},{"type":"Feature","id":181213,"properties":{"OBJECTID":181213,"PRIMENAME":"Steiner Avenue","ELEVTYP_F":0,"ELEVTYP_T":0},"geometry":{"type":"LineString","coordinates":[[-74.024965615794,40.1945124960389],[-74.0247649833498,40.1950585558552]]}},{"type":"Feature","id":181702,"properties":{"OBJECTID":181702,"PRIMENAME":"Waterview Court","ELEVTYP_F":0,"ELEVTYP_T":0},"geometry":{"type":"LineString","coordinates":[[-74.0275683854786,40.1905773261583],[-74.0261260450617,40.1902690628296],[-74.0259719425123,40.1902361256197]]}},{"type":"Feature","id":182331,"properties":{"OBJECTID":182331,"PRIMENAME":"FR RAMP B102220 to CO 40 SB","ELEVTYP_F":0,"ELEVTYP_T":0},"geometry":{"type":"LineString","coordinates":[[-74.0216783950862,40.192750942901],[-74.0218145291007,40.1927770907639],[-74.0219823098931,40.1927825608559],[-74.0221315089931,40.1927783996456],[-74.022299455294,40.1927552636293],[-74.0225670110455,40.1927087099581],[-74.022710047559,40.1926949970498],[-74.0228095912089,40.1926811317156],[-74.0229152598422,40.1926767909546],[-74.0230270586152,40.1926867771696],[-74.0230546224158,40.192690417775]]}},{"type":"Feature","id":183295,"properties":{"OBJECTID":183295,"PRIMENAME":"Audrey Place","ELEVTYP_F":0,"ELEVTYP_T":0},"geometry":{"type":"LineString","coordinates":[[-74.0473988608897,40.1971979112541],[-74.0472992748668,40.1971587316057],[-74.0468343399535,40.1969757796456],[-74.0462455590016,40.1967256590005],[-74.0461628706383,40.1966758103639]]}},{"type":"Feature","id":183390,"properties":{"OBJECTID":183390,"PRIMENAME":"Hawthorne Avenue","ELEVTYP_F":0,"ELEVTYP_T":0},"geometry":{"type":"LineString","coordinates":[[-74.0329094439297,40.2043993969393],[-74.032928866805,40.205022945594],[-74.0329330626055,40.2051576653922]]}},{"type":"Feature","id":183610,"properties":{"OBJECTID":183610,"PRIMENAME":"Riverview Avenue","ELEVTYP_F":0,"ELEVTYP_T":0},"geometry":{"type":"LineString","coordinates":[[-74.0316768527137,40.1965638426702],[-74.0328079233352,40.1971986669792],[-74.0327743173591,40.1972337495171]]}},{"type":"Feature","id":185022,"properties":{"OBJECTID":185022,"PRIMENAME":"North Riverside Drive","ELEVTYP_F":0,"ELEVTYP_T":0},"geometry":{"type":"LineString","coordinates":[[-74.0443324531548,40.1992603107643],[-74.0443478663894,40.1994339547774],[-74.0443843417762,40.1995580194063],[-74.044457957005,40.1997013091593],[-74.0445316684269,40.1998302695149],[-74.0445932437163,40.1999163018824],[-74.0446734711584,40.2000024066815],[-74.0446922026319,40.2000215025943],[-74.0447907809454,40.2001220119133],[-74.0448062906203,40.2001370619196]]}},{"type":"Feature","id":185250,"properties":{"OBJECTID":185250,"PRIMENAME":"Forest Drive","ELEVTYP_F":0,"ELEVTYP_T":0},"geometry":{"type":"LineString","coordinates":[[-74.0492222105416,40.1947033228024],[-74.049466630976,40.19515974115],[-74.0495076508222,40.1952363834014]]}},{"type":"Feature","id":185959,"properties":{"OBJECTID":185959,"PRIMENAME":"Hillside Drive","ELEVTYP_F":0,"ELEVTYP_T":0},"geometry":{"type":"LineString","coordinates":[[-74.0504816159326,40.1996630881805],[-74.0505585036383,40.1996163877306],[-74.0506706905151,40.1995644165986],[-74.0509448034065,40.1994749417482],[-74.0511317859783,40.1993946260435],[-74.0513746606019,40.1993240810058],[-74.0515115751125,40.1993007553589],[-74.0516048664739,40.1992963954159],[-74.0517289092572,40.1993302304917],[-74.0518405024742,40.1993735706919],[-74.0519147296016,40.1994262655693],[-74.0520072723931,40.1995410183933],[-74.0520991763502,40.1996550832566]]}},{"type":"Feature","id":186086,"properties":{"OBJECTID":186086,"PRIMENAME":"Myron Avenue","ELEVTYP_F":0,"ELEVTYP_T":0},"geometry":{"type":"LineString","coordinates":[[-74.0274114851919,40.196156309447],[-74.0275017943585,40.1960618685943],[-74.0283842697071,40.1951444869059]]}},{"type":"Feature","id":186107,"properties":{"OBJECTID":186107,"PRIMENAME":"Ridge Place","ELEVTYP_F":0,"ELEVTYP_T":0},"geometry":{"type":"LineString","coordinates":[[-74.0262547172818,40.1987473197535],[-74.0262085519799,40.198806565391],[-74.0258995454135,40.1992035278427],[-74.0258579734885,40.1992507681506],[-74.0257856025199,40.1992840731491],[-74.0257184967267,40.1993015874436],[-74.0256103144442,40.1992952150316],[-74.0247579115832,40.1991533302447],[-74.0246475933431,40.1991349782089]]}},{"type":"Feature","id":186675,"properties":{"OBJECTID":186675,"PRIMENAME":"Evergreen Avenue","ELEVTYP_F":0,"ELEVTYP_T":0},"geometry":{"type":"LineString","coordinates":[[-74.0220473191245,40.1994671814889],[-74.0225300221232,40.1995445310108],[-74.0231129622585,40.1996383784288]]}},{"type":"Feature","id":187572,"properties":{"OBJECTID":187572,"PRIMENAME":"West Concourse","ELEVTYP_F":0,"ELEVTYP_T":0},"geometry":{"type":"LineString","coordinates":[[-74.0303412172709,40.1902360886091],[-74.0302782306242,40.1903013076573],[-74.0302334214633,40.1903267104227],[-74.0301350935007,40.1903824540808],[-74.0299412988514,40.1904953479079],[-74.0294733637963,40.1907651464923],[-74.0291958709254,40.190925110392]]}},{"type":"Feature","id":187743,"properties":{"OBJECTID":187743,"PRIMENAME":"Smock Avenue","ELEVTYP_F":0,"ELEVTYP_T":0},"geometry":{"type":"LineString","coordinates":[[-74.0495396350871,40.2001841557554],[-74.0495130423444,40.2002748384326],[-74.0493456511429,40.2008453377201]]}},{"type":"Feature","id":188751,"properties":{"OBJECTID":188751,"PRIMENAME":"FR CO 40 A SB TO NJ 35 SB","ELEVTYP_F":0,"ELEVTYP_T":0},"geometry":{"type":"LineString","coordinates":[[-74.0247752825388,40.1906212119286],[-74.024808858888,40.190600947948],[-74.0248408442792,40.1905792229491],[-74.0248711307764,40.1905561102451],[-74.0248996161766,40.1905316878318],[-74.0249262043552,40.1905060381249],[-74.0249508055905,40.1904792476815],[-74.0249733368659,40.190451406908],[-74.0249937221505,40.1904226097554],[-74.0250348203136,40.1903707004354],[-74.0250965772455,40.1902720416369],[-74.0251393007154,40.190177011012],[-74.0251691515576,40.1900901912681],[-74.0252064998889,40.1899754002697],[-74.0252951915741,40.1898346029427]]}},{"type":"Feature","id":189162,"properties":{"OBJECTID":189162,"PRIMENAME":"Atkins Avenue","ELEVTYP_F":0,"ELEVTYP_T":0},"geometry":{"type":"LineString","coordinates":[[-74.0226983081215,40.20079858353],[-74.0224796635512,40.201410247878],[-74.0223917961042,40.2016563825913]]}},{"type":"Feature","id":189258,"properties":{"OBJECTID":189258,"PRIMENAME":"West Sylvania Avenue","ELEVTYP_F":0,"ELEVTYP_T":0},"geometry":{"type":"LineString","coordinates":[[-74.0308248600669,40.1979866897819],[-74.0316838194036,40.1983720888229]]}},{"type":"Feature","id":189393,"properties":{"OBJECTID":189393,"PRIMENAME":"Neptune Boulevard","ELEVTYP_F":0,"ELEVTYP_T":0},"geometry":{"type":"LineString","coordinates":[[-74.0369295593927,40.2065904236146],[-74.0366829115742,40.2070250543404],[-74.0365053622505,40.2073548175508]]}},{"type":"Feature","id":189394,"properties":{"OBJECTID":189394,"PRIMENAME":"Batchelor Place","ELEVTYP_F":0,"ELEVTYP_T":0},"geometry":{"type":"LineString","coordinates":[[-74.0233111094073,40.1903405007721],[-74.0234588663862,40.1903778404186],[-74.0234941342492,40.1903867428523],[-74.0235289730387,40.1903955372297]]}},{"type":"Feature","id":189796,"properties":{"OBJECTID":189796,"PRIMENAME":"Lincoln Avenue","ELEVTYP_F":0,"ELEVTYP_T":0},"geometry":{"type":"LineString","coordinates":[[-74.0215279799599,40.190625707507],[-74.0222436861994,40.1906834856149]]}},{"type":"Feature","id":191215,"properties":{"OBJECTID":191215,"PRIMENAME":"Corlies Avenue","ELEVTYP_F":0,"ELEVTYP_T":0},"geometry":{"type":"LineString","coordinates":[[-74.0415597818135,40.2073859532533],[-74.0413013087037,40.2074218740207],[-74.0404528786082,40.2075397737244],[-74.0398967636393,40.2076148847165]]}},{"type":"Feature","id":191719,"properties":{"OBJECTID":191719,"PRIMENAME":"Avondale Avenue","ELEVTYP_F":0,"ELEVTYP_T":0},"geometry":{"type":"LineString","coordinates":[[-74.0321301063587,40.200773716617],[-74.032003227936,40.2012418197805],[-74.0319487237888,40.2014416462466]]}},{"type":"Feature","id":191751,"properties":{"OBJECTID":191751,"PRIMENAME":"Riverview Court","ELEVTYP_F":0,"ELEVTYP_T":0},"geometry":{"type":"LineString","coordinates":[[-74.0404492406541,40.1948857876619],[-74.0406280363416,40.1942680173369],[-74.0406422934016,40.1942187682605]]}},{"type":"Feature","id":193436,"properties":{"OBJECTID":193436,"PRIMENAME":"Wilson Road","ELEVTYP_F":0,"ELEVTYP_T":0},"geometry":{"type":"LineString","coordinates":[[-74.0527693987837,40.2013247063338],[-74.0526733497794,40.2012689077347],[-74.0525495172557,40.2011969426482],[-74.0524319413707,40.2011154481683],[-74.0523330857094,40.2010292767089],[-74.0522280592002,40.2009287785895],[-74.0521417841538,40.20081885351],[-74.0520801934932,40.2007280497208],[-74.0520250564283,40.2006086645585],[-74.0520063700519,40.2005522199462],[-74.0519824054832,40.2004798291813],[-74.0519765871552,40.2004451144933],[-74.0519584293006,40.2003367633585],[-74.0519346259691,40.2001945763538]]}},{"type":"Feature","id":193681,"properties":{"OBJECTID":193681,"PRIMENAME":"Unnamed Segment","ELEVTYP_F":0,"ELEVTYP_T":0},"geometry":{"type":"LineString","coordinates":[[-74.0396254287426,40.2047611544989],[-74.0395644289586,40.2047061554523],[-74.0392714291817,40.2046071558267]]}},{"type":"Feature","id":193943,"properties":{"OBJECTID":193943,"PRIMENAME":"Sylvania Avenue","ELEVTYP_F":0,"ELEVTYP_T":0},"geometry":{"type":"LineString","coordinates":[[-74.0216307046727,40.1927417688199],[-74.0215957422066,40.1927350629276]]}},{"type":"Feature","id":194844,"properties":{"OBJECTID":194844,"PRIMENAME":"8th Avenue","ELEVTYP_F":0,"ELEVTYP_T":0},"geometry":{"type":"LineString","coordinates":[[-74.0186243303385,40.2053232926168],[-74.0187673166323,40.2053457941943],[-74.0209388484057,40.2056868947284]]}},{"type":"Feature","id":194991,"properties":{"OBJECTID":194991,"PRIMENAME":"Summit Avenue","ELEVTYP_F":0,"ELEVTYP_T":0},"geometry":{"type":"LineString","coordinates":[[-74.0281870621681,40.199445726697],[-74.0282986052332,40.1994633111762],[-74.0293230158619,40.1996247295053],[-74.0294149237715,40.199639460799]]}},{"type":"Feature","id":195230,"properties":{"OBJECTID":195230,"PRIMENAME":"Durand Road","ELEVTYP_F":0,"ELEVTYP_T":0},"geometry":{"type":"LineString","coordinates":[[-74.0516105324573,40.2012568627663],[-74.0506234562153,40.2010846136711],[-74.0494625179052,40.2008656407732],[-74.0493456511429,40.2008453377201]]}},{"type":"Feature","id":195361,"properties":{"OBJECTID":195361,"PRIMENAME":"Valley Road","ELEVTYP_F":0,"ELEVTYP_T":0},"geometry":{"type":"LineString","coordinates":[[-74.0408914342068,40.1910095825909],[-74.0408305202235,40.1909706876164],[-74.0406630944781,40.1909128404524],[-74.040452274001,40.1908405162687],[-74.04032831369,40.1907923666941],[-74.0402293553301,40.1907204871124],[-74.0401429505988,40.190634354585],[-74.040081550188,40.1905244921584],[-74.0400326026198,40.1904099019924],[-74.0400148836957,40.1902668862752],[-74.0399977188037,40.1900523032699],[-74.0399806502751,40.1898234719488],[-74.0399825178943,40.1895470313903],[-74.0399964228332,40.1894281344047]]}},{"type":"Feature","id":196690,"properties":{"OBJECTID":196690,"PRIMENAME":"Marine Place","ELEVTYP_F":0,"ELEVTYP_T":0},"geometry":{"type":"LineString","coordinates":[[-74.0212098180691,40.1916440102579],[-74.0212090996727,40.1916494698803],[-74.0211931799122,40.191765227231],[-74.0211387398413,40.192161115269]]}},{"type":"Feature","id":197346,"properties":{"OBJECTID":197346,"PRIMENAME":"Hillcrest Avenue","ELEVTYP_F":0,"ELEVTYP_T":0},"geometry":{"type":"LineString","coordinates":[[-74.0390881882355,40.1925296356829],[-74.0392101826854,40.1925513691523],[-74.0410413931521,40.1928779724571],[-74.0411405759491,40.1928958810556]]}},{"type":"Feature","id":197483,"properties":{"OBJECTID":197483,"PRIMENAME":"Springdale Avenue","ELEVTYP_F":0,"ELEVTYP_T":0},"geometry":{"type":"LineString","coordinates":[[-74.0379023196637,40.2048542023344],[-74.0377004456786,40.2052168953997],[-74.0375497493408,40.2054876347746]]}},{"type":"Feature","id":198210,"properties":{"OBJECTID":198210,"PRIMENAME":"3rd Avenue","ELEVTYP_F":0,"ELEVTYP_T":0},"geometry":{"type":"LineString","coordinates":[[-74.02551815932,40.201103386544],[-74.0253847962414,40.2010623473565],[-74.024280521891,40.2008874260964],[-74.0240032559629,40.2008435052501]]}},{"type":"Feature","id":198457,"properties":{"OBJECTID":198457,"PRIMENAME":"7th Avenue","ELEVTYP_F":0,"ELEVTYP_T":0},"geometry":{"type":"LineString","coordinates":[[-74.0212975334572,40.2046797168685],[-74.0219786680112,40.2047919300271],[-74.0231584651517,40.2049684011581],[-74.0240543301623,40.2051104214605]]}},{"type":"Feature","id":198914,"properties":{"OBJECTID":198914,"PRIMENAME":"North Riverside Drive","ELEVTYP_F":0,"ELEVTYP_T":0},"geometry":{"type":"LineString","coordinates":[[-74.0448062906203,40.2001370619196],[-74.0448895984063,40.2002177160902],[-74.0450318818514,40.2003183672947],[-74.0458550234789,40.200845862052],[-74.0459695887755,40.20095886688]]}},{"type":"Feature","id":200020,"properties":{"OBJECTID":200020,"PRIMENAME":"Pond Road","ELEVTYP_F":0,"ELEVTYP_T":0},"geometry":{"type":"LineString","coordinates":[[-74.0397924294057,40.2059291567797],[-74.0398084292126,40.2058281567557],[-74.039996428371,40.2054841551164],[-74.0400444280509,40.2054101546947],[-74.04008842916,40.2053731551344],[-74.040220427163,40.2052931548008],[-74.0402544289195,40.2052591561325],[-74.040273427052,40.2052311557974],[-74.0402754592878,40.2052271504682],[-74.0403424300857,40.2050951552515]]}},{"type":"Feature","id":200206,"properties":{"OBJECTID":200206,"PRIMENAME":"Windsor Avenue","ELEVTYP_F":0,"ELEVTYP_T":0},"geometry":{"type":"LineString","coordinates":[[-74.0291292229978,40.197218159927],[-74.0291972061647,40.1971458790122],[-74.0298724136136,40.196427882746]]}},{"type":"Feature","id":200353,"properties":{"OBJECTID":200353,"PRIMENAME":"State Highway 35","ELEVTYP_F":0,"ELEVTYP_T":0},"geometry":{"type":"LineString","coordinates":[[-74.0274114851919,40.196156309447],[-74.0272066069066,40.1960442468055]]}},{"type":"Feature","id":201263,"properties":{"OBJECTID":201263,"PRIMENAME":"Woodland Avenue","ELEVTYP_F":0,"ELEVTYP_T":0},"geometry":{"type":"LineString","coordinates":[[-74.0324820833136,40.1994278476317],[-74.0336988068389,40.1996186370943],[-74.0338087412558,40.1996358810405]]}},{"type":"Feature","id":201809,"properties":{"OBJECTID":201809,"PRIMENAME":"Lincoln Avenue","ELEVTYP_F":0,"ELEVTYP_T":0},"geometry":{"type":"LineString","coordinates":[[-74.0222436861994,40.1906834856149],[-74.0223261986742,40.1906884114381]]}},{"type":"Feature","id":201979,"properties":{"OBJECTID":201979,"PRIMENAME":"Overbrook Place","ELEVTYP_F":0,"ELEVTYP_T":0},"geometry":{"type":"LineString","coordinates":[[-74.0431622762772,40.2021431632724],[-74.0432603511287,40.2020826881424],[-74.0433476729349,40.2020401236414],[-74.0434411560286,40.2020023884689],[-74.0435158234774,40.2019836309789],[-74.0435905340793,40.2019743721168],[-74.04366517283,40.2019651399435],[-74.0437583317929,40.2019702843171],[-74.0438701204618,40.201989776803],[-74.04409969542,40.202052641219],[-74.0441854116251,40.2020787299283]]}},{"type":"Feature","id":202327,"properties":{"OBJECTID":202327,"PRIMENAME":"Lincoln Avenue","ELEVTYP_F":0,"ELEVTYP_T":0},"geometry":{"type":"LineString","coordinates":[[-74.0185569832197,40.1903857526824],[-74.0206216955136,40.1905525027092]]}},{"type":"Feature","id":202825,"properties":{"OBJECTID":202825,"PRIMENAME":"West Sylvania Avenue","ELEVTYP_F":0,"ELEVTYP_T":0},"geometry":{"type":"LineString","coordinates":[[-74.0338666743024,40.1993526659193],[-74.0342030298075,40.199503910882],[-74.034903883585,40.1998067586283]]}},{"type":"Feature","id":203439,"properties":{"OBJECTID":203439,"PRIMENAME":"Ridge Avenue","ELEVTYP_F":0,"ELEVTYP_T":0},"geometry":{"type":"LineString","coordinates":[[-74.0247738073803,40.2031068695998],[-74.0249956676413,40.2024929517755],[-74.0251379447191,40.2020931402519]]}},{"type":"Feature","id":204549,"properties":{"OBJECTID":204549,"PRIMENAME":"West End Avenue","ELEVTYP_F":0,"ELEVTYP_T":0},"geometry":{"type":"LineString","coordinates":[[-74.0195023240577,40.1946578220684],[-74.0197212738148,40.194814468954],[-74.020676620383,40.1954981548285]]}},{"type":"Feature","id":204969,"properties":{"OBJECTID":204969,"PRIMENAME":"Ridge Avenue","ELEVTYP_F":0,"ELEVTYP_T":0},"geometry":{"type":"LineString","coordinates":[[-74.0262384307209,40.2001409107647],[-74.026471730518,40.199829729625]]}},{"type":"Feature","id":205119,"properties":{"OBJECTID":205119,"PRIMENAME":"Riverview Avenue","ELEVTYP_F":0,"ELEVTYP_T":0},"geometry":{"type":"LineString","coordinates":[[-74.0303998860153,40.1958673272919],[-74.0304736812759,40.1959071311026],[-74.0313281889515,40.196368146252],[-74.0316768527137,40.1965638426702]]}},{"type":"Feature","id":205587,"properties":{"OBJECTID":205587,"PRIMENAME":"Walling Place","ELEVTYP_F":0,"ELEVTYP_T":0},"geometry":{"type":"LineString","coordinates":[[-74.0211812456587,40.1942612519565],[-74.0211042161508,40.194239630575]]}},{"type":"Feature","id":205969,"properties":{"OBJECTID":205969,"PRIMENAME":"Corlies Avenue","ELEVTYP_F":0,"ELEVTYP_T":0},"geometry":{"type":"LineString","coordinates":[[-74.0475916156587,40.2065641071852],[-74.0472685232677,40.2066048577161]]}},{"type":"Feature","id":206874,"properties":{"OBJECTID":206874,"PRIMENAME":"Robbins Road","ELEVTYP_F":0,"ELEVTYP_T":0},"geometry":{"type":"LineString","coordinates":[[-74.0535024928951,40.202300429036],[-74.0534001453087,40.2022821351348],[-74.0514062411619,40.2019256125544]]}},{"type":"Feature","id":206908,"properties":{"OBJECTID":206908,"PRIMENAME":"Hillside Avenue","ELEVTYP_F":0,"ELEVTYP_T":0},"geometry":{"type":"LineString","coordinates":[[-74.0307214624449,40.2005475703671],[-74.0292339327279,40.2003146355796]]}},{"type":"Feature","id":207587,"properties":{"OBJECTID":207587,"PRIMENAME":"Hawthorne Avenue","ELEVTYP_F":0,"ELEVTYP_T":0},"geometry":{"type":"LineString","coordinates":[[-74.0338666743024,40.1993526659193],[-74.0338491914779,40.1994381379359],[-74.0338087412558,40.1996358810405]]}},{"type":"Feature","id":207748,"properties":{"OBJECTID":207748,"PRIMENAME":"South Riverside Drive","ELEVTYP_F":0,"ELEVTYP_T":0},"geometry":{"type":"LineString","coordinates":[[-74.0516820120038,40.1908114704636],[-74.0510560484204,40.1906953352925],[-74.0503799301028,40.1905801827442]]}},{"type":"Feature","id":207890,"properties":{"OBJECTID":207890,"PRIMENAME":"Unnamed Segment","ELEVTYP_F":0,"ELEVTYP_T":0},"geometry":{"type":"LineString","coordinates":[[-74.0396254287426,40.2047611544989],[-74.0396279143141,40.2048082173586],[-74.0397304287781,40.2048961560455],[-74.039841428714,40.2049751567656],[-74.0398744285065,40.2049861554638],[-74.0400674298731,40.2050261557854]]}},{"type":"Feature","id":208878,"properties":{"OBJECTID":208878,"PRIMENAME":"Springdale Avenue","ELEVTYP_F":0,"ELEVTYP_T":0},"geometry":{"type":"LineString","coordinates":[[-74.0375497493408,40.2054876347746],[-74.0372877547181,40.2059582640199],[-74.0372603146972,40.2060075553493],[-74.0372093266396,40.206097451244]]}},{"type":"Feature","id":209099,"properties":{"OBJECTID":209099,"PRIMENAME":"Glenmere Avenue","ELEVTYP_F":0,"ELEVTYP_T":0},"geometry":{"type":"LineString","coordinates":[[-74.0490965800394,40.1910080371887],[-74.0482646909381,40.1908417528878],[-74.0481344046142,40.1908126668915],[-74.047954520977,40.1907595299981],[-74.0477809651355,40.1906968910967],[-74.0476135938621,40.1906247505567],[-74.0474462945832,40.1905526100557],[-74.0472418541545,40.1904564948872],[-74.0470932649519,40.1903701243167],[-74.046944803078,40.190264674139],[-74.0468026326697,40.1901497498728],[-74.0466976392232,40.1900587731635],[-74.0466160996938,40.189988175033]]}},{"type":"Feature","id":209403,"properties":{"OBJECTID":209403,"PRIMENAME":"Highland Avenue","ELEVTYP_F":0,"ELEVTYP_T":0},"geometry":{"type":"LineString","coordinates":[[-74.0453306782144,40.1922360070633],[-74.0457689337604,40.1923237914907],[-74.0468490404127,40.1925139067017],[-74.0477057123814,40.1926649792962],[-74.0479015301802,40.1927020089698]]}},{"type":"Feature","id":209602,"properties":{"OBJECTID":209602,"PRIMENAME":"Smock Street","ELEVTYP_F":0,"ELEVTYP_T":0},"geometry":{"type":"LineString","coordinates":[[-74.024965615794,40.1945124960389],[-74.0248464366684,40.1944877112394],[-74.0243260003819,40.1943795213379],[-74.0231996265606,40.1941453597491]]}},{"type":"Feature","id":209674,"properties":{"OBJECTID":209674,"PRIMENAME":"Steiner Avenue","ELEVTYP_F":0,"ELEVTYP_T":0},"geometry":{"type":"LineString","coordinates":[[-74.0233944470568,40.1988538718082],[-74.0233165081432,40.1990687795258],[-74.023270338767,40.1991979766001],[-74.0231129622585,40.1996383784288]]}},{"type":"Feature","id":209765,"properties":{"OBJECTID":209765,"PRIMENAME":"Fairfield Way","ELEVTYP_F":0,"ELEVTYP_T":0},"geometry":{"type":"LineString","coordinates":[[-74.0478468545498,40.1914155570409],[-74.0474980281942,40.1915293031445],[-74.0466924714786,40.1917919752229]]}},{"type":"Feature","id":209999,"properties":{"OBJECTID":209999,"PRIMENAME":"Taylor Avenue","ELEVTYP_F":0,"ELEVTYP_T":0},"geometry":{"type":"LineString","coordinates":[[-74.033936304708,40.2070020315393],[-74.0339144355201,40.2064467975477],[-74.0339121438107,40.2062831576648],[-74.0339060915375,40.2058509885994],[-74.0339009096903,40.2057031907093],[-74.033892785125,40.2055878295144]]}},{"type":"Feature","id":210427,"properties":{"OBJECTID":210427,"PRIMENAME":"Hillcrest Avenue","ELEVTYP_F":0,"ELEVTYP_T":0},"geometry":{"type":"LineString","coordinates":[[-74.0411405759491,40.1928958810556],[-74.0422339437596,40.1930935818797],[-74.0422355168112,40.1930938664085]]}},{"type":"Feature","id":210826,"properties":{"OBJECTID":210826,"PRIMENAME":"Union Avenue","ELEVTYP_F":0,"ELEVTYP_T":0},"geometry":{"type":"LineString","coordinates":[[-74.0295429971818,40.2049259763131],[-74.0294746167635,40.2051837520205],[-74.0293000323491,40.2058418764201],[-74.0292712316652,40.2059474523707]]}},{"type":"Feature","id":210888,"properties":{"OBJECTID":210888,"PRIMENAME":"North Riverside Drive","ELEVTYP_F":0,"ELEVTYP_T":0},"geometry":{"type":"LineString","coordinates":[[-74.0489255797527,40.2021969499189],[-74.0497793605435,40.2023494243185]]}},{"type":"Feature","id":210942,"properties":{"OBJECTID":210942,"PRIMENAME":"North Riverside Drive","ELEVTYP_F":0,"ELEVTYP_T":0},"geometry":{"type":"LineString","coordinates":[[-74.0505782286874,40.202495858191],[-74.0507035354548,40.2026806612102],[-74.0509994680262,40.2031171411133],[-74.0516607374856,40.2040924434434]]}},{"type":"Feature","id":212140,"properties":{"OBJECTID":212140,"PRIMENAME":"Main Street","ELEVTYP_F":0,"ELEVTYP_T":0},"geometry":{"type":"LineString","coordinates":[[-74.0200809214473,40.197290758361],[-74.0197416189343,40.1982279822822]]}},{"type":"Feature","id":212368,"properties":{"OBJECTID":212368,"PRIMENAME":"Sylvan Drive","ELEVTYP_F":0,"ELEVTYP_T":0},"geometry":{"type":"LineString","coordinates":[[-74.0447328989803,40.1906991652649],[-74.0447672389696,40.1906278956434],[-74.0448176602746,40.1905232525591],[-74.0448742776734,40.1904233551516],[-74.0449683172246,40.1902998314752],[-74.0453128339347,40.1898960386482],[-74.0453620178212,40.1898372087272]]}},{"type":"Feature","id":213009,"properties":{"OBJECTID":213009,"PRIMENAME":"Cliffwood Drive","ELEVTYP_F":0,"ELEVTYP_T":0},"geometry":{"type":"LineString","coordinates":[[-74.0442478818908,40.1899034905402],[-74.0441623268433,40.1900106862726],[-74.0440494454015,40.190162741452],[-74.0439867622351,40.1902435346532],[-74.0439614735755,40.1903101444805],[-74.0438982429143,40.1904671992818],[-74.0438680280297,40.1905423001612]]}},{"type":"Feature","id":213280,"properties":{"OBJECTID":213280,"PRIMENAME":"Corlies Avenue","ELEVTYP_F":0,"ELEVTYP_T":0},"geometry":{"type":"LineString","coordinates":[[-74.0455900576438,40.2068365108699],[-74.0454786609635,40.2068518623247],[-74.0454367005382,40.2068574690731],[-74.0449898418422,40.2069171726904]]}},{"type":"Feature","id":213443,"properties":{"OBJECTID":213443,"PRIMENAME":"Sylvania Avenue","ELEVTYP_F":0,"ELEVTYP_T":0},"geometry":{"type":"LineString","coordinates":[[-74.0215957422066,40.1927350629276],[-74.0214729066741,40.1927114403291],[-74.021067210178,40.1926811293019]]}},{"type":"Feature","id":214286,"properties":{"OBJECTID":214286,"PRIMENAME":"Windsor Court","ELEVTYP_F":0,"ELEVTYP_T":0},"geometry":{"type":"LineString","coordinates":[[-74.0301609278161,40.1961210909644],[-74.0302553807216,40.1960206401627],[-74.0303998860153,40.1958673272919]]}},{"type":"Feature","id":215175,"properties":{"OBJECTID":215175,"PRIMENAME":"Evergreen Avenue","ELEVTYP_F":0,"ELEVTYP_T":0},"geometry":{"type":"LineString","coordinates":[[-74.0207229839644,40.1994433404342],[-74.0208245493132,40.1994641035055],[-74.0209456814814,40.1994617497097],[-74.0210390394015,40.1994430561394],[-74.0211201081455,40.1994052597056],[-74.0212072690994,40.1993770148383],[-74.0213068582539,40.1993631239972],[-74.0214311219333,40.1993684149516],[-74.0220473191245,40.1994671814889]]}},{"type":"Feature","id":215412,"properties":{"OBJECTID":215412,"PRIMENAME":"Stanton Place","ELEVTYP_F":0,"ELEVTYP_T":0},"geometry":{"type":"LineString","coordinates":[[-74.0221099333992,40.1933836955018],[-74.0215136510385,40.193250393268]]}},{"type":"Feature","id":216483,"properties":{"OBJECTID":216483,"PRIMENAME":"Durand Road","ELEVTYP_F":0,"ELEVTYP_T":0},"geometry":{"type":"LineString","coordinates":[[-74.0527693987837,40.2013247063338],[-74.0526730991735,40.2013070386064],[-74.052449372622,40.2013013975878],[-74.0516850581532,40.2012698617226],[-74.0516105324573,40.2012568627663]]}},{"type":"Feature","id":216508,"properties":{"OBJECTID":216508,"PRIMENAME":"Ridge Avenue","ELEVTYP_F":0,"ELEVTYP_T":0},"geometry":{"type":"LineString","coordinates":[[-74.024742166415,40.2031949579414],[-74.0247738073803,40.2031068695998]]}},{"type":"Feature","id":217898,"properties":{"OBJECTID":217898,"PRIMENAME":"Railroad Avenue","ELEVTYP_F":0,"ELEVTYP_T":0},"geometry":{"type":"LineString","coordinates":[[-74.0219522332183,40.1949756811026],[-74.0219703179165,40.194923869728],[-74.0221309205226,40.1944635486783]]}},{"type":"Feature","id":218709,"properties":{"OBJECTID":218709,"PRIMENAME":"Woodmere Avenue","ELEVTYP_F":0,"ELEVTYP_T":0},"geometry":{"type":"LineString","coordinates":[[-74.0532313455699,40.1929912152574],[-74.0508137760568,40.1925674620637],[-74.0489718268474,40.1922349044817]]}},{"type":"Feature","id":219433,"properties":{"OBJECTID":219433,"PRIMENAME":"Bradley Street","ELEVTYP_F":0,"ELEVTYP_T":0},"geometry":{"type":"LineString","coordinates":[[-74.0245882579316,40.1955384157065],[-74.0243182978499,40.1954818918531],[-74.0228776333773,40.1951802321177],[-74.0227905188871,40.1951620009627]]}},{"type":"Feature","id":219702,"properties":{"OBJECTID":219702,"PRIMENAME":"Railroad Avenue","ELEVTYP_F":0,"ELEVTYP_T":0},"geometry":{"type":"LineString","coordinates":[[-74.0232615396901,40.1911571495421],[-74.0235289730387,40.1903955372297]]}},{"type":"Feature","id":219810,"properties":{"OBJECTID":219810,"PRIMENAME":"Railroad Avenue","ELEVTYP_F":0,"ELEVTYP_T":0},"geometry":{"type":"LineString","coordinates":[[-74.0223051805132,40.1939544725629],[-74.0223320308619,40.1938625073893],[-74.0224839081154,40.1934818720741],[-74.0224886914087,40.1934683582666]]}},{"type":"Feature","id":220373,"properties":{"OBJECTID":220373,"PRIMENAME":"Laird Avenue","ELEVTYP_F":0,"ELEVTYP_T":0},"geometry":{"type":"LineString","coordinates":[[-74.0229613626788,40.1946852773727],[-74.0227905188871,40.1951620009627]]}},{"type":"Feature","id":220496,"properties":{"OBJECTID":220496,"PRIMENAME":"Valley Road","ELEVTYP_F":0,"ELEVTYP_T":0},"geometry":{"type":"LineString","coordinates":[[-74.0443447495155,40.1953215678986],[-74.0441827317178,40.1952400269586],[-74.0440339429205,40.1951823121115],[-74.0439222339573,40.195158015893],[-74.0437048249748,40.1951476336311],[-74.0433320079134,40.1951270836569],[-74.0431393754949,40.1951215743473],[-74.0429518836699,40.1951073547711]]}},{"type":"Feature","id":220582,"properties":{"OBJECTID":220582,"PRIMENAME":"Ridge Avenue","ELEVTYP_F":0,"ELEVTYP_T":0},"geometry":{"type":"LineString","coordinates":[[-74.0244123962171,40.2041130044249],[-74.024742166415,40.2031949579414]]}},{"type":"Feature","id":220784,"properties":{"OBJECTID":220784,"PRIMENAME":"Overlook Drive","ELEVTYP_F":0,"ELEVTYP_T":0},"geometry":{"type":"LineString","coordinates":[[-74.0514732568875,40.1969226341534],[-74.0514775813992,40.1969128497657],[-74.051496673425,40.1968461864362],[-74.0515218944611,40.1967891003046],[-74.0515286880243,40.1967033373486],[-74.0515229620486,40.1966270523279],[-74.0514924534765,40.1965411439548],[-74.0514370065641,40.1964694425616],[-74.0513814302793,40.1964120433564],[-74.051361492183,40.1964007112564]]}},{"type":"Feature","id":221363,"properties":{"OBJECTID":221363,"PRIMENAME":"Ridge Avenue","ELEVTYP_F":0,"ELEVTYP_T":0},"geometry":{"type":"LineString","coordinates":[[-74.0274424424833,40.1985212423732],[-74.0281878650756,40.1975016187684],[-74.0282815815224,40.1974305141756],[-74.0283375090242,40.1973880807235]]}},{"type":"Feature","id":221545,"properties":{"OBJECTID":221545,"PRIMENAME":"West Sylvania Avenue","ELEVTYP_F":0,"ELEVTYP_T":0},"geometry":{"type":"LineString","coordinates":[[-74.050367689781,40.2056291687158],[-74.0505523931707,40.2056814108215]]}},{"type":"Feature","id":221884,"properties":{"OBJECTID":221884,"PRIMENAME":"Carton Avenue","ELEVTYP_F":0,"ELEVTYP_T":0},"geometry":{"type":"LineString","coordinates":[[-74.0520137708949,40.199935318239],[-74.0520991763502,40.1996550832566]]}},{"type":"Feature","id":223144,"properties":{"OBJECTID":223144,"PRIMENAME":"Boston Road","ELEVTYP_F":0,"ELEVTYP_T":0},"geometry":{"type":"LineString","coordinates":[[-74.0257925549565,40.1919081617283],[-74.0269248985892,40.1921447147186]]}},{"type":"Feature","id":223949,"properties":{"OBJECTID":223949,"PRIMENAME":"Stanton Street","ELEVTYP_F":0,"ELEVTYP_T":0},"geometry":{"type":"LineString","coordinates":[[-74.0215136510385,40.193250393268],[-74.0214311486665,40.1932283928142]]}},{"type":"Feature","id":224532,"properties":{"OBJECTID":224532,"PRIMENAME":"West Sylvania Avenue","ELEVTYP_F":0,"ELEVTYP_T":0},"geometry":{"type":"LineString","coordinates":[[-74.0404717085046,40.2035493969496],[-74.0406640291722,40.2036630740746]]}},{"type":"Feature","id":224603,"properties":{"OBJECTID":224603,"PRIMENAME":"5th Avenue","ELEVTYP_F":0,"ELEVTYP_T":0},"geometry":{"type":"LineString","coordinates":[[-74.0202828653489,40.1931458390308],[-74.0202132067599,40.1936634166584]]}},{"type":"Feature","id":224627,"properties":{"OBJECTID":224627,"PRIMENAME":"Ridge Avenue","ELEVTYP_F":0,"ELEVTYP_T":0},"geometry":{"type":"LineString","coordinates":[[-74.026471730518,40.199829729625],[-74.0264999906873,40.1997919610799],[-74.0270058737152,40.1991106510005]]}},{"type":"Feature","id":225257,"properties":{"OBJECTID":225257,"PRIMENAME":"Carton Avenue","ELEVTYP_F":0,"ELEVTYP_T":0},"geometry":{"type":"LineString","coordinates":[[-74.0519346259691,40.2001945763538],[-74.0519777254962,40.2000533949463],[-74.0520137708949,40.199935318239]]}},{"type":"Feature","id":225808,"properties":{"OBJECTID":225808,"PRIMENAME":"Corlies Avenue","ELEVTYP_F":0,"ELEVTYP_T":0},"geometry":{"type":"LineString","coordinates":[[-74.0449898418422,40.2069171726904],[-74.0449517152759,40.2069222989623],[-74.0444940667299,40.2069838271442],[-74.043593443085,40.2071089498342],[-74.0430376339821,40.2071839807672]]}},{"type":"Feature","id":225956,"properties":{"OBJECTID":225956,"PRIMENAME":"Grove Place","ELEVTYP_F":0,"ELEVTYP_T":0},"geometry":{"type":"LineString","coordinates":[[-74.0497793605435,40.2023494243185],[-74.0497604893669,40.2024148794511],[-74.0495696488545,40.2030766231676],[-74.0495506491544,40.2031289567416],[-74.0495310444925,40.2031374539673]]}},{"type":"Feature","id":226061,"properties":{"OBJECTID":226061,"PRIMENAME":"Steiner Avenue","ELEVTYP_F":0,"ELEVTYP_T":0},"geometry":{"type":"LineString","coordinates":[[-74.0251072372684,40.1941016993603],[-74.0251978512481,40.1940030220473],[-74.0264885516374,40.1926251359426]]}},{"type":"Feature","id":226260,"properties":{"OBJECTID":226260,"PRIMENAME":"Woodland Avenue","ELEVTYP_F":0,"ELEVTYP_T":0},"geometry":{"type":"LineString","coordinates":[[-74.0295961136282,40.198960992694],[-74.0309855945389,40.1991882828063],[-74.0310898042641,40.1992049567287]]}},{"type":"Feature","id":226557,"properties":{"OBJECTID":226557,"PRIMENAME":"Garfield Avenue","ELEVTYP_F":0,"ELEVTYP_T":0},"geometry":{"type":"LineString","coordinates":[[-74.0219212974795,40.1916985889991],[-74.0213906404449,40.1916578528733]]}},{"type":"Feature","id":227819,"properties":{"OBJECTID":227819,"PRIMENAME":"Union Avenue","ELEVTYP_F":0,"ELEVTYP_T":0},"geometry":{"type":"LineString","coordinates":[[-74.0289948555518,40.2069665202532],[-74.0288854000958,40.2073748703608],[-74.0288661852441,40.2074558049612],[-74.0288658881752,40.2074987117972],[-74.0288717192714,40.207551169989],[-74.0289022040405,40.2076370831257],[-74.0290837622298,40.2081148649142]]}},{"type":"Feature","id":228045,"properties":{"OBJECTID":228045,"PRIMENAME":"West Concourse","ELEVTYP_F":0,"ELEVTYP_T":0},"geometry":{"type":"LineString","coordinates":[[-74.0291958709254,40.190925110392],[-74.0290995604926,40.1909806271912],[-74.0288493724111,40.1911248458279],[-74.0283036955366,40.1914526869698],[-74.0282190499653,40.1915035409268],[-74.0281235538232,40.1915589359311]]}},{"type":"Feature","id":228062,"properties":{"OBJECTID":228062,"PRIMENAME":"Prospect Avenue","ELEVTYP_F":0,"ELEVTYP_T":0},"geometry":{"type":"LineString","coordinates":[[-74.0478468545498,40.1914155570409],[-74.0485230253846,40.191533305014],[-74.0490301934843,40.1916216205386],[-74.0491460034326,40.1916423314102]]}},{"type":"Feature","id":229524,"properties":{"OBJECTID":229524,"PRIMENAME":"East Center Street","ELEVTYP_F":0,"ELEVTYP_T":0},"geometry":{"type":"LineString","coordinates":[[-74.0272785576236,40.1913741358546],[-74.0275286868584,40.1906857396464],[-74.0275683854786,40.1905773261583]]}},{"type":"Feature","id":229748,"properties":{"OBJECTID":229748,"PRIMENAME":"North Riverside Drive","ELEVTYP_F":0,"ELEVTYP_T":0},"geometry":{"type":"LineString","coordinates":[[-74.0444447363225,40.1985687276795],[-74.0443897649521,40.1987478040808],[-74.0443387305317,40.1989430108112],[-74.0443191217295,40.1990859066636],[-74.0443305226531,40.1992384789275],[-74.0443324531548,40.1992603107643]]}},{"type":"Feature","id":229778,"properties":{"OBJECTID":229778,"PRIMENAME":"Midwood Street","ELEVTYP_F":0,"ELEVTYP_T":0},"geometry":{"type":"LineString","coordinates":[[-74.0219986306689,40.1973308665634],[-74.0238103425227,40.1976927736215]]}},{"type":"Feature","id":229906,"properties":{"OBJECTID":229906,"PRIMENAME":"Stanton Place","ELEVTYP_F":0,"ELEVTYP_T":0},"geometry":{"type":"LineString","coordinates":[[-74.0224886914087,40.1934683582666],[-74.0224528426111,40.1934603583105],[-74.0221099333992,40.1933836955018]]}},{"type":"Feature","id":229968,"properties":{"OBJECTID":229968,"PRIMENAME":"Unnamed Segment","ELEVTYP_F":0,"ELEVTYP_T":0},"geometry":{"type":"LineString","coordinates":[[-74.0472264301785,40.2031241549263],[-74.0470204321042,40.2030141540407]]}},{"type":"Feature","id":231334,"properties":{"OBJECTID":231334,"PRIMENAME":"Lakewood Road","ELEVTYP_F":0,"ELEVTYP_T":0},"geometry":{"type":"LineString","coordinates":[[-74.0505956882857,40.193539427901],[-74.0507889928583,40.1934967755043],[-74.0510191745099,40.193464285824],[-74.0512122589794,40.1934496059398]]}},{"type":"Feature","id":231619,"properties":{"OBJECTID":231619,"PRIMENAME":"South Riverside Drive","ELEVTYP_F":0,"ELEVTYP_T":0},"geometry":{"type":"LineString","coordinates":[[-74.042828796331,40.1964042520248],[-74.0429134492529,40.1964542756213],[-74.042993798788,40.1965212751959],[-74.0430615025354,40.1966216623462],[-74.0431087526945,40.1966704951773]]}},{"type":"Feature","id":232551,"properties":{"OBJECTID":232551,"PRIMENAME":"Evergreen Avenue","ELEVTYP_F":0,"ELEVTYP_T":0},"geometry":{"type":"LineString","coordinates":[[-74.0243477215918,40.1998371636885],[-74.0261185930757,40.2001216709356],[-74.0262384307209,40.2001409107647]]}},{"type":"Feature","id":233318,"properties":{"OBJECTID":233318,"PRIMENAME":"South Riverside Drive","ELEVTYP_F":0,"ELEVTYP_T":0},"geometry":{"type":"LineString","coordinates":[[-74.0390881882355,40.1925296356829],[-74.0391588132598,40.1932495328607]]}},{"type":"Feature","id":233515,"properties":{"OBJECTID":233515,"PRIMENAME":"Valley Road","ELEVTYP_F":0,"ELEVTYP_T":0},"geometry":{"type":"LineString","coordinates":[[-74.0413985549643,40.1922391924239],[-74.0414127468637,40.1921836022216],[-74.0414072892124,40.1920692128525],[-74.0412975085028,40.1917541981493],[-74.0412058387187,40.1915045378568],[-74.0411993988234,40.1914869978012]]}},{"type":"Feature","id":234105,"properties":{"OBJECTID":234105,"PRIMENAME":"Riverview Avenue","ELEVTYP_F":0,"ELEVTYP_T":0},"geometry":{"type":"LineString","coordinates":[[-74.0276122835122,40.193186466362],[-74.0285187384284,40.1936392588036]]}},{"type":"Feature","id":234581,"properties":{"OBJECTID":234581,"PRIMENAME":"Corlies Avenue","ELEVTYP_F":0,"ELEVTYP_T":0},"geometry":{"type":"LineString","coordinates":[[-74.0485863182577,40.2064386438582],[-74.0475916156587,40.2065641071852]]}},{"type":"Feature","id":234838,"properties":{"OBJECTID":234838,"PRIMENAME":"Pittenger Place","ELEVTYP_F":0,"ELEVTYP_T":0},"geometry":{"type":"LineString","coordinates":[[-74.0474540521647,40.1998114780405],[-74.0476590608541,40.1991419695632]]}},{"type":"Feature","id":236870,"properties":{"OBJECTID":236870,"PRIMENAME":"South Riverside Drive","ELEVTYP_F":0,"ELEVTYP_T":0},"geometry":{"type":"LineString","coordinates":[[-74.0391588132598,40.1932495328607],[-74.0392261831144,40.193937461905],[-74.0392286860205,40.1939643480082]]}},{"type":"Feature","id":237845,"properties":{"OBJECTID":237845,"PRIMENAME":"Brighton Avenue","ELEVTYP_F":0,"ELEVTYP_T":0},"geometry":{"type":"LineString","coordinates":[[-74.0509480491462,40.2050337715333],[-74.0510419786554,40.2049823093118],[-74.0512538282864,40.2049068950445],[-74.0513511852821,40.204880526913]]}},{"type":"Feature","id":238623,"properties":{"OBJECTID":238623,"PRIMENAME":"West Sylvania Avenue","ELEVTYP_F":0,"ELEVTYP_T":0},"geometry":{"type":"LineString","coordinates":[[-74.0392795089492,40.2023761666027],[-74.0394528579582,40.2025942808136],[-74.0394691599029,40.2026147098999],[-74.0396932416285,40.2028955133972],[-74.039828971896,40.20304377521],[-74.0399008822196,40.203124583065]]}},{"type":"Feature","id":239753,"properties":{"OBJECTID":239753,"PRIMENAME":"Overlook Drive","ELEVTYP_F":0,"ELEVTYP_T":0},"geometry":{"type":"LineString","coordinates":[[-74.052424012412,40.1985918370102],[-74.052311956456,40.1985698802941],[-74.0513125072055,40.198384933825],[-74.0512503854095,40.1983751945166],[-74.0512194995984,40.1983464414412],[-74.0512080605597,40.1983124128429],[-74.0511890231409,40.1982557847812],[-74.0509635765276,40.1975733718406],[-74.0509555164507,40.1975415503633]]}},{"type":"Feature","id":239868,"properties":{"OBJECTID":239868,"PRIMENAME":"Main Street","ELEVTYP_F":0,"ELEVTYP_T":0},"geometry":{"type":"LineString","coordinates":[[-74.0203949128411,40.1964240547846],[-74.0203104080502,40.1966545618522]]}},{"type":"Feature","id":240026,"properties":{"OBJECTID":240026,"PRIMENAME":"3rd Avenue","ELEVTYP_F":0,"ELEVTYP_T":0},"geometry":{"type":"LineString","coordinates":[[-74.0240032559629,40.2008435052501],[-74.0229447639934,40.200675805464],[-74.0227529692295,40.2006456673673]]}},{"type":"Feature","id":241190,"properties":{"OBJECTID":241190,"PRIMENAME":"Hawthorne Avenue","ELEVTYP_F":0,"ELEVTYP_T":0},"geometry":{"type":"LineString","coordinates":[[-74.0329425476775,40.2054658158153],[-74.0329695101475,40.2063521174622],[-74.0329904000356,40.2070388215911],[-74.0330213301539,40.2079683253488],[-74.033036613111,40.2084545169457],[-74.0330396117468,40.2085497616577]]}},{"type":"Feature","id":241338,"properties":{"OBJECTID":241338,"PRIMENAME":"8th Avenue","ELEVTYP_F":0,"ELEVTYP_T":0},"geometry":{"type":"LineString","coordinates":[[-74.0236922332517,40.2061245127822],[-74.024243303366,40.2062117601308],[-74.0259140823499,40.2064762685194],[-74.026035289836,40.2064957348312]]}},{"type":"Feature","id":241871,"properties":{"OBJECTID":241871,"PRIMENAME":"Shell Avenue","ELEVTYP_F":0,"ELEVTYP_T":0},"geometry":{"type":"LineString","coordinates":[[-74.034903883585,40.1998067586283],[-74.0349226606439,40.1997046273854],[-74.0352004683551,40.19907183525]]}},{"type":"Feature","id":242118,"properties":{"OBJECTID":242118,"PRIMENAME":"FR RT 35 SB to NJ 71","ELEVTYP_F":0,"ELEVTYP_T":0},"geometry":{"type":"LineString","coordinates":[[-74.0243044862108,40.1909260059884],[-74.0242736742326,40.190935021229],[-74.0242298275936,40.1909521928769],[-74.0241891679187,40.1909734828467],[-74.0241523493268,40.1909985486344],[-74.0241199641452,40.1910269869916],[-74.0240900413363,40.1910508208296],[-74.0240619604978,40.1910759383404],[-74.0240358150916,40.1911022559265],[-74.0240116921384,40.1911296859964],[-74.0239896719283,40.1911581372559],[-74.0239698277527,40.1911875150116],[-74.0239522256612,40.1912177214866],[-74.0239369242414,40.1912486561458],[-74.0239042440295,40.1913148744839],[-74.0238731648958,40.1913927946621],[-74.0238648270458,40.1914345156644],[-74.0238573251843,40.1914720672769],[-74.0238500500951,40.1915448695393],[-74.0238509678943,40.1916593229872],[-74.0238733268379,40.1918558386493],[-74.0238980358252,40.1920901661928],[-74.0239003869056,40.1921121928604],[-74.0239030887953,40.1922071621283],[-74.023900896567,40.192279985288],[-74.0238994524513,40.1923072950172],[-74.0238948641289,40.1923952612755],[-74.0238930494551,40.192429542505]]}},{"type":"Feature","id":242485,"properties":{"OBJECTID":242485,"PRIMENAME":"Summit Avenue","ELEVTYP_F":0,"ELEVTYP_T":0},"geometry":{"type":"LineString","coordinates":[[-74.0309050155453,40.1998779770164],[-74.0322101352901,40.2000844859681],[-74.0323125973764,40.200100355532]]}},{"type":"Feature","id":244340,"properties":{"OBJECTID":244340,"PRIMENAME":"Steiner Avenue","ELEVTYP_F":0,"ELEVTYP_T":0},"geometry":{"type":"LineString","coordinates":[[-74.0235835545659,40.1983311839535],[-74.0235700429348,40.1983692052382],[-74.0233944470568,40.1988538718082]]}},{"type":"Feature","id":244813,"properties":{"OBJECTID":244813,"PRIMENAME":"FR RT 35 SB to NJ 71","ELEVTYP_F":0,"ELEVTYP_T":1},"geometry":{"type":"LineString","coordinates":[[-74.0238930494551,40.192429542505],[-74.0238696239879,40.1924980226461],[-74.0238575467037,40.1925188262185],[-74.0238436013598,40.1925389309322],[-74.023827856279,40.1925582382853],[-74.0238103886018,40.1925766536829],[-74.0237912839086,40.1925940868998],[-74.0237706358006,40.1926104525229],[-74.023748545441,40.1926256703698],[-74.0237251210595,40.1926396658815],[-74.023700477422,40.1926523704875],[-74.0236747352682,40.1926637219424],[-74.0236480207202,40.19267366463],[-74.0236204646646,40.1926821498366],[-74.0235922021108,40.1926891359893],[-74.0235633715302,40.1926945888597],[-74.0235341141769,40.1926984817317],[-74.0235045733963,40.1927007955322],[-74.0234229474434,40.1926915104264],[-74.0233356212498,40.1926732517871],[-74.0232657073675,40.1926580568299],[-74.0231867051312,40.1926422479664]]}},{"type":"Feature","id":244913,"properties":{"OBJECTID":244913,"PRIMENAME":"West Sylvania Avenue","ELEVTYP_F":0,"ELEVTYP_T":0},"geometry":{"type":"LineString","coordinates":[[-74.0387280380826,40.2016788431064],[-74.038953639933,40.2019679115047],[-74.0392248373588,40.2023073996275],[-74.0392795089492,40.2023761666027]]}},{"type":"Feature","id":245122,"properties":{"OBJECTID":245122,"PRIMENAME":"Brighton Avenue","ELEVTYP_F":0,"ELEVTYP_T":0},"geometry":{"type":"LineString","coordinates":[[-74.0504559000072,40.2061909955828],[-74.0504564377029,40.2061096002206],[-74.0504572562963,40.2059856824578],[-74.0504643354821,40.2058570397543],[-74.0505273099348,40.2057333633448],[-74.0505523931707,40.2056814108215]]}},{"type":"Feature","id":245902,"properties":{"OBJECTID":245902,"PRIMENAME":"FR NJ 33 WB to NJ 18 NB","ELEVTYP_F":0,"ELEVTYP_T":0},"geometry":{"type":"LineString","coordinates":[[-74.0507941293952,40.2071864482998],[-74.0508535573667,40.2072286645888],[-74.0509172690954,40.2072670328591],[-74.0511316760365,40.20739121824],[-74.0513446065743,40.2075168884312],[-74.051562481826,40.2076416972228],[-74.0517780915588,40.2077687981422],[-74.0519391022978,40.2078623484245],[-74.0519869693155,40.2078990381573],[-74.052028534622,40.2079399946252],[-74.0520631569183,40.2079845859347],[-74.0520903020219,40.2080321241108],[-74.0521028821289,40.2080769194988],[-74.0521125841663,40.2081221337085],[-74.052119384818,40.2081676581074],[-74.0521232677387,40.2082133833176],[-74.0521101743817,40.2083866491658],[-74.0521030331198,40.2084587582361],[-74.0520299387615,40.2091733953396],[-74.0519762520887,40.209773685054],[-74.0519584732036,40.2101782342896],[-74.0519330772415,40.2105825445115]]}},{"type":"Feature","id":246070,"properties":{"OBJECTID":246070,"PRIMENAME":"Clayton Avenue","ELEVTYP_F":0,"ELEVTYP_T":0},"geometry":{"type":"LineString","coordinates":[[-74.0506512106941,40.1953672474739],[-74.0508233289615,40.1948037091686],[-74.050854324717,40.1946960771648]]}},{"type":"Feature","id":246166,"properties":{"OBJECTID":246166,"PRIMENAME":"Union Avenue","ELEVTYP_F":0,"ELEVTYP_T":0},"geometry":{"type":"LineString","coordinates":[[-74.0307214624449,40.2005475703671],[-74.0305379891139,40.2012207330368]]}},{"type":"Feature","id":246610,"properties":{"OBJECTID":246610,"PRIMENAME":"Wakefield Road","ELEVTYP_F":0,"ELEVTYP_T":0},"geometry":{"type":"LineString","coordinates":[[-74.0432433051075,40.2078500781688],[-74.0431832801525,40.2077135938119],[-74.0431345390077,40.2075656793829],[-74.0430980629233,40.2074416145253],[-74.0430376339821,40.2071839807672]]}},{"type":"Feature","id":247902,"properties":{"OBJECTID":247902,"PRIMENAME":"Ivins Road","ELEVTYP_F":0,"ELEVTYP_T":0},"geometry":{"type":"LineString","coordinates":[[-74.044486456066,40.1971599244342],[-74.0446513565395,40.1971912267333],[-74.0452410585805,40.1973031911003],[-74.0454893307758,40.1973517965027],[-74.0456630649574,40.1973953866217],[-74.0457933342577,40.1974340296738],[-74.0459917898669,40.197501517519],[-74.0461591362561,40.1975689109882],[-74.0463264877372,40.1976410534921],[-74.0464628241946,40.1976987715359],[-74.0465557249134,40.1977420165785],[-74.0466613128697,40.1977615100059],[-74.0467918701089,40.1977572719467],[-74.0469100950169,40.1977339055835],[-74.0470160603206,40.1976914121391],[-74.0470302488255,40.1976896555006]]}},{"type":"Feature","id":247914,"properties":{"OBJECTID":247914,"PRIMENAME":"Hillside Avenue","ELEVTYP_F":0,"ELEVTYP_T":0},"geometry":{"type":"LineString","coordinates":[[-74.0278105660982,40.2000716748392],[-74.0276979211746,40.2000375589314],[-74.0265742169339,40.1998470868747],[-74.026471730518,40.199829729625]]}},{"type":"Feature","id":248127,"properties":{"OBJECTID":248127,"PRIMENAME":"Evergreen Avenue","ELEVTYP_F":0,"ELEVTYP_T":0},"geometry":{"type":"LineString","coordinates":[[-74.0259721689318,40.2004963749674],[-74.026103380361,40.2005171998602],[-74.0274126428981,40.2007248777572]]}},{"type":"Feature","id":249067,"properties":{"OBJECTID":249067,"PRIMENAME":"Park Avenue","ELEVTYP_F":0,"ELEVTYP_T":0},"geometry":{"type":"LineString","coordinates":[[-74.0379588845088,40.2011740247547],[-74.0380271650929,40.2010991864712],[-74.038377843137,40.2007145475739]]}},{"type":"Feature","id":249510,"properties":{"OBJECTID":249510,"PRIMENAME":"Burlington Avenue","ELEVTYP_F":0,"ELEVTYP_T":0},"geometry":{"type":"LineString","coordinates":[[-74.019090281549,40.1969686363563],[-74.0199823755923,40.1972586964912],[-74.0200809214473,40.197290758361]]}},{"type":"Feature","id":249521,"properties":{"OBJECTID":249521,"PRIMENAME":"Memorial Drive","ELEVTYP_F":0,"ELEVTYP_T":0},"geometry":{"type":"LineString","coordinates":[[-74.0231867051312,40.1926422479664],[-74.0232122705191,40.1925750395259]]}},{"type":"Feature","id":249556,"properties":{"OBJECTID":249556,"PRIMENAME":"Walling Place","ELEVTYP_F":0,"ELEVTYP_T":0},"geometry":{"type":"LineString","coordinates":[[-74.0221309205226,40.1944635486783],[-74.0220909218222,40.1944550379105],[-74.0211812456587,40.1942612519565]]}},{"type":"Feature","id":249578,"properties":{"OBJECTID":249578,"PRIMENAME":"Lakewood Road","ELEVTYP_F":0,"ELEVTYP_T":0},"geometry":{"type":"LineString","coordinates":[[-74.0512122589794,40.1934496059398],[-74.0513175940907,40.1934416136416],[-74.0515538512088,40.1934377798128],[-74.0517464129894,40.1934480520235],[-74.051945209073,40.1934631243242],[-74.0521562997068,40.1934972958307],[-74.0523549029478,40.1935361958488],[-74.0530287364487,40.1936555008619]]}},{"type":"Feature","id":250139,"properties":{"OBJECTID":250139,"PRIMENAME":"Unnamed Segment","ELEVTYP_F":0,"ELEVTYP_T":0},"geometry":{"type":"LineString","coordinates":[[-74.039785429195,40.2042991544456],[-74.039937429114,40.2043631552373]]}},{"type":"Feature","id":251789,"properties":{"OBJECTID":251789,"PRIMENAME":"Hillside Drive","ELEVTYP_F":0,"ELEVTYP_T":0},"geometry":{"type":"LineString","coordinates":[[-74.0497622005033,40.1981077647361],[-74.0497603910196,40.1981215389197],[-74.0497194274163,40.1981983845637],[-74.0496661283393,40.1982784489526],[-74.0495376246678,40.1983726603149],[-74.0494225884046,40.1984443026111],[-74.0490391711697,40.1986914480183]]}},{"type":"Feature","id":252167,"properties":{"OBJECTID":252167,"PRIMENAME":"Atkins Avenue","ELEVTYP_F":0,"ELEVTYP_T":0},"geometry":{"type":"LineString","coordinates":[[-74.0212975334572,40.2046797168685],[-74.0211302178182,40.2051495336485],[-74.0209388484057,40.2056868947284]]}},{"type":"Feature","id":253171,"properties":{"OBJECTID":253171,"PRIMENAME":"Hawthorne Avenue","ELEVTYP_F":0,"ELEVTYP_T":0},"geometry":{"type":"LineString","coordinates":[[-74.0332419289805,40.2023462146983],[-74.0331873066231,40.202600150099],[-74.0331552144594,40.2027429665696],[-74.0331173291255,40.2028429335406],[-74.0330544840245,40.2029332733958],[-74.032972700841,40.2030806656268],[-74.0329285763631,40.2031662767432],[-74.0328905536137,40.2032757415788],[-74.0328775056846,40.2033614780673],[-74.0328927237798,40.2038620004165],[-74.0329094439297,40.2043993969393]]}},{"type":"Feature","id":253407,"properties":{"OBJECTID":253407,"PRIMENAME":"Unnamed Segment","ELEVTYP_F":0,"ELEVTYP_T":0},"geometry":{"type":"LineString","coordinates":[[-74.0455900576438,40.2068365108699],[-74.0455268513038,40.2067170838662],[-74.0456116045599,40.2059063234477],[-74.0456436346725,40.2057846024901]]}},{"type":"Feature","id":253719,"properties":{"OBJECTID":253719,"PRIMENAME":"Oak Drive","ELEVTYP_F":0,"ELEVTYP_T":0},"geometry":{"type":"LineString","coordinates":[[-74.0450994165888,40.2053904011466],[-74.0450841916318,40.2054118241756],[-74.0450962642595,40.2054643061171],[-74.0451455177511,40.2055359861016],[-74.0452011562845,40.2055791136876],[-74.0453003949917,40.2056128581743],[-74.0454489150181,40.2057150779435],[-74.0456436346725,40.2057846024901]]}},{"type":"Feature","id":253917,"properties":{"OBJECTID":253917,"PRIMENAME":"Steiner Avenue","ELEVTYP_F":0,"ELEVTYP_T":0},"geometry":{"type":"LineString","coordinates":[[-74.0240373093275,40.1970538690331],[-74.0238103425227,40.1976927736215]]}},{"type":"Feature","id":253948,"properties":{"OBJECTID":253948,"PRIMENAME":"Ridge Avenue","ELEVTYP_F":0,"ELEVTYP_T":0},"geometry":{"type":"LineString","coordinates":[[-74.0236922332517,40.2061245127822],[-74.0240360859839,40.2051615181786],[-74.0240543301623,40.2051104214605]]}},{"type":"Feature","id":254150,"properties":{"OBJECTID":254150,"PRIMENAME":"5th Avenue","ELEVTYP_F":0,"ELEVTYP_T":0},"geometry":{"type":"LineString","coordinates":[[-74.0220302409954,40.2026639092362],[-74.0235493519339,40.2029076728631]]}},{"type":"Feature","id":254735,"properties":{"OBJECTID":254735,"PRIMENAME":"Clayton Avenue","ELEVTYP_F":0,"ELEVTYP_T":0},"geometry":{"type":"LineString","coordinates":[[-74.051045875974,40.1940294469118],[-74.0511859103832,40.1935421292396],[-74.0512122589794,40.1934496059398]]}},{"type":"Feature","id":255650,"properties":{"OBJECTID":255650,"PRIMENAME":"4th Avenue","ELEVTYP_F":0,"ELEVTYP_T":0},"geometry":{"type":"LineString","coordinates":[[-74.0251379447191,40.2020931402519],[-74.0246695304681,40.2020173977262],[-74.0242730631215,40.2019545620297],[-74.0223917961042,40.2016563825913]]}},{"type":"Feature","id":255996,"properties":{"OBJECTID":255996,"PRIMENAME":"Brinley Avenue","ELEVTYP_F":0,"ELEVTYP_T":0},"geometry":{"type":"LineString","coordinates":[[-74.0347680499295,40.205574335893],[-74.034678066519,40.2055760763862]]}},{"type":"Feature","id":256889,"properties":{"OBJECTID":256889,"PRIMENAME":"FR RT 33 EB to CO 17","ELEVTYP_F":0,"ELEVTYP_T":0},"geometry":{"type":"LineString","coordinates":[[-74.0519085997236,40.2060699446869],[-74.0519026121703,40.2060685380751],[-74.051757183204,40.2060345506994],[-74.0516132487536,40.2059970092555],[-74.0515241138137,40.2059717576386],[-74.0512542220345,40.2058896709086],[-74.0510056125992,40.2058115391941],[-74.0507548201809,40.2057376231343],[-74.0505523931707,40.2056814108215]]}},{"type":"Feature","id":257424,"properties":{"OBJECTID":257424,"PRIMENAME":"3rd Avenue","ELEVTYP_F":0,"ELEVTYP_T":0},"geometry":{"type":"LineString","coordinates":[[-74.0378548619309,40.2030798898546],[-74.0387090256375,40.2032108960749],[-74.03879386304,40.2032239173963]]}},{"type":"Feature","id":257505,"properties":{"OBJECTID":257505,"PRIMENAME":"Highland Avenue","ELEVTYP_F":0,"ELEVTYP_T":0},"geometry":{"type":"LineString","coordinates":[[-74.0479015301802,40.1927020089698],[-74.048400890955,40.1927963916266],[-74.0487361746276,40.1928501336759],[-74.0487840094277,40.1928597087676]]}},{"type":"Feature","id":257549,"properties":{"OBJECTID":257549,"PRIMENAME":"Atkins Avenue","ELEVTYP_F":0,"ELEVTYP_T":0},"geometry":{"type":"LineString","coordinates":[[-74.0216602570019,40.203672004982],[-74.0213309536048,40.2045859121794],[-74.0212975334572,40.2046797168685]]}},{"type":"Feature","id":257880,"properties":{"OBJECTID":257880,"PRIMENAME":"Evergreen Avenue","ELEVTYP_F":0,"ELEVTYP_T":0},"geometry":{"type":"LineString","coordinates":[[-74.0194453177809,40.1990517032205],[-74.0203468781059,40.199333455045],[-74.020539051319,40.1994057376153],[-74.0205852150872,40.1994151751223]]}},{"type":"Feature","id":258461,"properties":{"OBJECTID":258461,"PRIMENAME":"Unnamed Segment","ELEVTYP_F":0,"ELEVTYP_T":0},"geometry":{"type":"LineString","coordinates":[[-74.039785429195,40.2042991544456],[-74.0398744272827,40.2041671560805],[-74.0400394270498,40.2038741544463],[-74.0400584280596,40.2038571549763],[-74.0400944286573,40.2038481543732],[-74.0401704296953,40.2038791548498]]}},{"type":"Feature","id":258543,"properties":{"OBJECTID":258543,"PRIMENAME":"6th Avenue","ELEVTYP_F":0,"ELEVTYP_T":0},"geometry":{"type":"LineString","coordinates":[[-74.0387412726324,40.2067784048685],[-74.0381369947925,40.2065773862283],[-74.0378056139048,40.206467148791],[-74.037588620367,40.2063852693472],[-74.0375010421702,40.2063423527631]]}},{"type":"Feature","id":258594,"properties":{"OBJECTID":258594,"PRIMENAME":"Evergreen Avenue","ELEVTYP_F":0,"ELEVTYP_T":0},"geometry":{"type":"LineString","coordinates":[[-74.0305379891139,40.2012207330368],[-74.0318589951084,40.2014271176208],[-74.0319487237888,40.2014416462466]]}},{"type":"Feature","id":258816,"properties":{"OBJECTID":258816,"PRIMENAME":"Railroad Avenue","ELEVTYP_F":0,"ELEVTYP_T":0},"geometry":{"type":"LineString","coordinates":[[-74.0226859270844,40.1928761656092],[-74.0223024479545,40.1928394422351]]}},{"type":"Feature","id":260443,"properties":{"OBJECTID":260443,"PRIMENAME":"Hawthorne Avenue","ELEVTYP_F":0,"ELEVTYP_T":0},"geometry":{"type":"LineString","coordinates":[[-74.0329330626055,40.2051576653922],[-74.0329343109641,40.2051977629913],[-74.0329396931477,40.2053704887702],[-74.0329425476775,40.2054658158153]]}},{"type":"Feature","id":260737,"properties":{"OBJECTID":260737,"PRIMENAME":"West Sylvania Avenue","ELEVTYP_F":0,"ELEVTYP_T":0},"geometry":{"type":"LineString","coordinates":[[-74.0399008822196,40.203124583065],[-74.0399524135536,40.2031824895213],[-74.0400901659561,40.2033011106871]]}},{"type":"Feature","id":260779,"properties":{"OBJECTID":260779,"PRIMENAME":"Berry Avenue","ELEVTYP_F":0,"ELEVTYP_T":0},"geometry":{"type":"LineString","coordinates":[[-74.0222080903915,40.1910833240091],[-74.0230167805607,40.1911399850423]]}},{"type":"Feature","id":260829,"properties":{"OBJECTID":260829,"PRIMENAME":"Durand Road","ELEVTYP_F":0,"ELEVTYP_T":0},"geometry":{"type":"LineString","coordinates":[[-74.0493456511429,40.2008453377201],[-74.0473330432272,40.2004950966837],[-74.0472492957675,40.2004800548601]]}},{"type":"Feature","id":261346,"properties":{"OBJECTID":261346,"PRIMENAME":"Unnamed Segment","ELEVTYP_F":0,"ELEVTYP_T":0},"geometry":{"type":"LineString","coordinates":[[-74.0464940272743,40.2048964110744],[-74.0465284296883,40.204671155019],[-74.0466554293767,40.2045501543048],[-74.0473264307122,40.2040651555329],[-74.0474874320519,40.2039741549842]]}},{"type":"Feature","id":261748,"properties":{"OBJECTID":261748,"PRIMENAME":"Morris Avenue","ELEVTYP_F":0,"ELEVTYP_T":0},"geometry":{"type":"LineString","coordinates":[[-74.0262851666009,40.2022786705969],[-74.0262459901237,40.2023622404735],[-74.0258484437168,40.2032089795247],[-74.0258193337423,40.203271013045]]}},{"type":"Feature","id":261920,"properties":{"OBJECTID":261920,"PRIMENAME":"Oxford Way","ELEVTYP_F":0,"ELEVTYP_T":0},"geometry":{"type":"LineString","coordinates":[[-74.0449898418422,40.2069171726904],[-74.045014046552,40.2070136533589],[-74.0450335503941,40.2071060535095],[-74.0450557488623,40.2071520993988],[-74.0450703848588,40.2071824609649],[-74.0451134090262,40.2072541164621],[-74.0451358250771,40.2072727232856],[-74.0451999365675,40.2073259437724],[-74.0455142634183,40.2075417744617]]}},{"type":"Feature","id":262260,"properties":{"OBJECTID":262260,"PRIMENAME":"7th Avenue","ELEVTYP_F":0,"ELEVTYP_T":0},"geometry":{"type":"LineString","coordinates":[[-74.0292712316652,40.2059474523707],[-74.0303858783406,40.2061274839261],[-74.0318947933142,40.2063623844878],[-74.0320084963948,40.2063800849089]]}},{"type":"Feature","id":263908,"properties":{"OBJECTID":263908,"PRIMENAME":"Unnamed Segment","ELEVTYP_F":0,"ELEVTYP_T":0},"geometry":{"type":"LineString","coordinates":[[-74.0504534314704,40.2047421555238],[-74.0502204315978,40.2047121559847],[-74.0499704327107,40.2046511553586],[-74.0496634308005,40.2045621547757],[-74.049028432507,40.204393155374],[-74.0487504315836,40.2043061549601]]}},{"type":"Feature","id":263971,"properties":{"OBJECTID":263971,"PRIMENAME":"Brighton Avenue","ELEVTYP_F":0,"ELEVTYP_T":0},"geometry":{"type":"LineString","coordinates":[[-74.0505523931707,40.2056814108215],[-74.0506470618466,40.2054859863585],[-74.0507489017191,40.2052682709534],[-74.0507605533515,40.2052433621131],[-74.0508359182428,40.2051245098767],[-74.0509296848107,40.2050438337704],[-74.0509480491462,40.2050337715333]]}},{"type":"Feature","id":265258,"properties":{"OBJECTID":265258,"PRIMENAME":"Union Avenue","ELEVTYP_F":0,"ELEVTYP_T":0},"geometry":{"type":"LineString","coordinates":[[-74.0327743173591,40.1972337495171],[-74.0324489444109,40.197573409517]]}},{"type":"Feature","id":265910,"properties":{"OBJECTID":265910,"PRIMENAME":"Union Avenue","ELEVTYP_F":0,"ELEVTYP_T":0},"geometry":{"type":"LineString","coordinates":[[-74.0298156521175,40.2039041184494],[-74.0297326490945,40.2042113873001],[-74.0297089450621,40.2043007062303],[-74.0296923664745,40.204363169911]]}},{"type":"Feature","id":266875,"properties":{"OBJECTID":266875,"PRIMENAME":"East End Avenue","ELEVTYP_F":0,"ELEVTYP_T":0},"geometry":{"type":"LineString","coordinates":[[-74.0371054124133,40.2007820788403],[-74.0371783569684,40.2006954554711],[-74.0383062534086,40.1993559069656],[-74.0390581191378,40.1984724317114],[-74.0391235261612,40.1983931067483]]}},{"type":"Feature","id":267905,"properties":{"OBJECTID":267905,"PRIMENAME":"Neptune Avenue","ELEVTYP_F":0,"ELEVTYP_T":0},"geometry":{"type":"LineString","coordinates":[[-74.0338853810939,40.2053760208401],[-74.0338806253676,40.2052401090346],[-74.0338792776616,40.2052015719116],[-74.0338515260398,40.2044082183845]]}},{"type":"Feature","id":268519,"properties":{"OBJECTID":268519,"PRIMENAME":"7th Avenue","ELEVTYP_F":0,"ELEVTYP_T":0},"geometry":{"type":"LineString","coordinates":[[-74.0189918158657,40.2043014153738],[-74.0190488269932,40.2043098880089],[-74.0191058381352,40.204318360616],[-74.0212975334572,40.2046797168685]]}},{"type":"Feature","id":268744,"properties":{"OBJECTID":268744,"PRIMENAME":"Norwood Avenue","ELEVTYP_F":0,"ELEVTYP_T":0},"geometry":{"type":"LineString","coordinates":[[-74.0209287311946,40.1947688496607],[-74.0207844724187,40.1947521377183],[-74.0200737691457,40.1946998609107]]}},{"type":"Feature","id":269152,"properties":{"OBJECTID":269152,"PRIMENAME":"South Wall Street","ELEVTYP_F":0,"ELEVTYP_T":0},"geometry":{"type":"LineString","coordinates":[[-74.0271185157008,40.1959601837255],[-74.0270110140617,40.1960264827182],[-74.0267113773866,40.1962111392553],[-74.0266675179159,40.1962633944914],[-74.0266110348382,40.1963394272306],[-74.0263724178934,40.196691106639],[-74.0257635900495,40.1975465360181],[-74.0256870508965,40.197654055651]]}},{"type":"Feature","id":269359,"properties":{"OBJECTID":269359,"PRIMENAME":"Unnamed Segment","ELEVTYP_F":0,"ELEVTYP_T":0},"geometry":{"type":"LineString","coordinates":[[-74.045024431981,40.2037271561355],[-74.0451214312188,40.2036331548495],[-74.0452114296791,40.2035531548686],[-74.0452504289658,40.2035491559742],[-74.0457174296021,40.203686154582],[-74.0461724309565,40.2038301556372],[-74.0461954315413,40.2038601553755],[-74.0461834304844,40.2038921551946],[-74.0458514313745,40.2041961553828],[-74.0458164289114,40.2042121554229],[-74.0457784297166,40.2042151541801],[-74.0457364299974,40.2041971542352],[-74.0454144303405,40.2039831547092],[-74.0452654313405,40.2038691557824],[-74.0451254308587,40.2037781546949],[-74.045024431981,40.2037271561355]]}},{"type":"Feature","id":269736,"properties":{"OBJECTID":269736,"PRIMENAME":"5th Avenue","ELEVTYP_F":0,"ELEVTYP_T":0},"geometry":{"type":"LineString","coordinates":[[-74.0247738073803,40.2031068695998],[-74.0258193337423,40.203271013045]]}},{"type":"Feature","id":270033,"properties":{"OBJECTID":270033,"PRIMENAME":"Rosewood Place","ELEVTYP_F":0,"ELEVTYP_T":0},"geometry":{"type":"LineString","coordinates":[[-74.0231594239518,40.1968696458954],[-74.0240373093275,40.1970538690331]]}},{"type":"Feature","id":270059,"properties":{"OBJECTID":270059,"PRIMENAME":"Audrey Place","ELEVTYP_F":0,"ELEVTYP_T":0},"geometry":{"type":"LineString","coordinates":[[-74.0461628706383,40.1966758103639],[-74.0461341314186,40.1966584848984],[-74.0460230230484,40.1965436536387],[-74.0457018986574,40.196232618521],[-74.0456092200013,40.1961512147701],[-74.0455350332256,40.1960937397131],[-74.0454482613596,40.1960552950879],[-74.0453489446515,40.1960405744409],[-74.045125299798,40.1960253931737],[-74.0448395398473,40.1960052180112],[-74.0446997733981,40.1959953347049]]}},{"type":"Feature","id":270492,"properties":{"OBJECTID":270492,"PRIMENAME":"Hawthorne Avenue","ELEVTYP_F":0,"ELEVTYP_T":0},"geometry":{"type":"LineString","coordinates":[[-74.0333802612624,40.2016739638056],[-74.0332579435648,40.2022715810084],[-74.0332419289805,40.2023462146983]]}},{"type":"Feature","id":270850,"properties":{"OBJECTID":270850,"PRIMENAME":"Steiner Avenue","ELEVTYP_F":0,"ELEVTYP_T":0},"geometry":{"type":"LineString","coordinates":[[-74.0245882579316,40.1955384157065],[-74.024312724817,40.1962794548173],[-74.0243054636957,40.1962989822218],[-74.0242376858423,40.1964898285726]]}},{"type":"Feature","id":270887,"properties":{"OBJECTID":270887,"PRIMENAME":"Riverview Avenue","ELEVTYP_F":0,"ELEVTYP_T":0},"geometry":{"type":"LineString","coordinates":[[-74.0285187384284,40.1936392588036],[-74.0292995568888,40.1940292985432],[-74.0294141972347,40.1940738256186]]}},{"type":"Feature","id":271542,"properties":{"OBJECTID":271542,"PRIMENAME":"6th Avenue","ELEVTYP_F":0,"ELEVTYP_T":0},"geometry":{"type":"LineString","coordinates":[[-74.0375010421702,40.2063423527631],[-74.0374708554538,40.2063275601877],[-74.0373348049756,40.2062317288933],[-74.0372985847716,40.2061929704674],[-74.0372377063049,40.2061278219103]]}},{"type":"Feature","id":271711,"properties":{"OBJECTID":271711,"PRIMENAME":"Helen Terrace","ELEVTYP_F":0,"ELEVTYP_T":0},"geometry":{"type":"LineString","coordinates":[[-74.0534669436754,40.195167114466],[-74.0510599945071,40.1947331397178],[-74.050854324717,40.1946960771648]]}},{"type":"Feature","id":272559,"properties":{"OBJECTID":272559,"PRIMENAME":"McDermott Avenue","ELEVTYP_F":0,"ELEVTYP_T":0},"geometry":{"type":"LineString","coordinates":[[-74.0490391711697,40.1986914480183],[-74.048849407971,40.198656557758],[-74.0479492565943,40.1984910211722],[-74.0478617924861,40.1984751411597]]}},{"type":"Feature","id":272671,"properties":{"OBJECTID":272671,"PRIMENAME":"West Sylvania Avenue","ELEVTYP_F":0,"ELEVTYP_T":0},"geometry":{"type":"LineString","coordinates":[[-74.0442994901871,40.2047896410011],[-74.0453056011598,40.2048336646761],[-74.0456658078906,40.2048526214031]]}},{"type":"Feature","id":273904,"properties":{"OBJECTID":273904,"PRIMENAME":"Smock Avenue","ELEVTYP_F":0,"ELEVTYP_T":0},"geometry":{"type":"LineString","coordinates":[[-74.0493456511429,40.2008453377201],[-74.049147123145,40.2015218202445]]}},{"type":"Feature","id":274518,"properties":{"OBJECTID":274518,"PRIMENAME":"Unnamed Segment","ELEVTYP_F":0,"ELEVTYP_T":0},"geometry":{"type":"LineString","coordinates":[[-74.0397004283536,40.2038041549351],[-74.0396574272585,40.2036451555786],[-74.039695429009,40.2035521545391],[-74.0399008822196,40.203124583065]]}},{"type":"Feature","id":275007,"properties":{"OBJECTID":275007,"PRIMENAME":"8th Avenue","ELEVTYP_F":0,"ELEVTYP_T":0},"geometry":{"type":"LineString","coordinates":[[-74.0289948555518,40.2069665202532],[-74.0294844237305,40.2070436759655],[-74.0320178952186,40.2074447604952],[-74.0320920025641,40.2074565076227]]}},{"type":"Feature","id":275506,"properties":{"OBJECTID":275506,"PRIMENAME":"Ridge Terrace","ELEVTYP_F":0,"ELEVTYP_T":0},"geometry":{"type":"LineString","coordinates":[[-74.0270058737152,40.1991106510005],[-74.0269152790485,40.1990668512091],[-74.0262547172818,40.1987473197535]]}},{"type":"Feature","id":275668,"properties":{"OBJECTID":275668,"PRIMENAME":"Fairfield Way","ELEVTYP_F":0,"ELEVTYP_T":0},"geometry":{"type":"LineString","coordinates":[[-74.0466924714786,40.1917919752229],[-74.0455898431913,40.192151510004],[-74.0453306782144,40.1922360070633]]}},{"type":"Feature","id":277039,"properties":{"OBJECTID":277039,"PRIMENAME":"Pond Road","ELEVTYP_F":0,"ELEVTYP_T":0},"geometry":{"type":"LineString","coordinates":[[-74.040756428743,40.2043471563032],[-74.0409294295222,40.2040471544887],[-74.0410692968953,40.2039097871529]]}},{"type":"Feature","id":277431,"properties":{"OBJECTID":277431,"PRIMENAME":"5th Avenue","ELEVTYP_F":0,"ELEVTYP_T":0},"geometry":{"type":"LineString","coordinates":[[-74.0202132067599,40.1936634166584],[-74.0201425619428,40.1941886215234]]}},{"type":"Feature","id":278113,"properties":{"OBJECTID":278113,"PRIMENAME":"Hawthorne Avenue","ELEVTYP_F":0,"ELEVTYP_T":0},"geometry":{"type":"LineString","coordinates":[[-74.033661174394,40.2003090276917],[-74.0335668290041,40.2007333666388],[-74.0335155469925,40.20099662239]]}},{"type":"Feature","id":279225,"properties":{"OBJECTID":279225,"PRIMENAME":"Unnamed Segment","ELEVTYP_F":0,"ELEVTYP_T":0},"geometry":{"type":"LineString","coordinates":[[-74.0310934256685,40.1971731541182],[-74.0310274277957,40.1972521551163],[-74.0306264266449,40.1976791544866],[-74.0304613343179,40.1978233899548]]}},{"type":"Feature","id":279819,"properties":{"OBJECTID":279819,"PRIMENAME":"Evergreen Avenue","ELEVTYP_F":0,"ELEVTYP_T":0},"geometry":{"type":"LineString","coordinates":[[-74.0205852150872,40.1994151751223],[-74.0207229839644,40.1994433404342]]}},{"type":"Feature","id":280581,"properties":{"OBJECTID":280581,"PRIMENAME":"Beverly Way","ELEVTYP_F":0,"ELEVTYP_T":0},"geometry":{"type":"LineString","coordinates":[[-74.0406422934016,40.1942187682605],[-74.0393247943941,40.1939816685914],[-74.0392286860205,40.1939643480082]]}},{"type":"Feature","id":281222,"properties":{"OBJECTID":281222,"PRIMENAME":"Merritt Avenue","ELEVTYP_F":0,"ELEVTYP_T":0},"geometry":{"type":"LineString","coordinates":[[-74.0276150565575,40.1967438692949],[-74.0275827980398,40.1967868538355],[-74.0274331939566,40.1969861929113],[-74.0266426676581,40.1980505673498],[-74.0266023007293,40.1981049227847]]}},{"type":"Feature","id":281982,"properties":{"OBJECTID":281982,"PRIMENAME":"Unnamed Segment","ELEVTYP_F":0,"ELEVTYP_T":0},"geometry":{"type":"LineString","coordinates":[[-74.040174429596,40.2044361543798],[-74.0401004276828,40.2046091553579],[-74.0400464294789,40.2047111555296]]}},{"type":"Feature","id":282060,"properties":{"OBJECTID":282060,"PRIMENAME":"5th Avenue","ELEVTYP_F":0,"ELEVTYP_T":0},"geometry":{"type":"LineString","coordinates":[[-74.0201425619428,40.1941886215234],[-74.0200895962737,40.1945824569598],[-74.0200737691457,40.1946998609107]]}},{"type":"Feature","id":282126,"properties":{"OBJECTID":282126,"PRIMENAME":"Forest Drive","ELEVTYP_F":0,"ELEVTYP_T":0},"geometry":{"type":"LineString","coordinates":[[-74.0489718268474,40.1922349044817],[-74.0488175689351,40.1927598844158],[-74.0487840094277,40.1928597087676]]}},{"type":"Feature","id":283441,"properties":{"OBJECTID":283441,"PRIMENAME":"Cliffwood Drive","ELEVTYP_F":0,"ELEVTYP_T":0},"geometry":{"type":"LineString","coordinates":[[-74.0438680280297,40.1905423001612],[-74.0438598343871,40.1906434038391],[-74.0438219563742,40.1907242676554],[-74.043759335255,40.1907955075032],[-74.0436655163686,40.190885676335],[-74.0435718933751,40.1909520166888],[-74.0434346734823,40.1910229901409],[-74.0432415260864,40.1911278387545]]}},{"type":"Feature","id":285231,"properties":{"OBJECTID":285231,"PRIMENAME":"Ridge Avenue","ELEVTYP_F":0,"ELEVTYP_T":0},"geometry":{"type":"LineString","coordinates":[[-74.0233307546142,40.2071306163563],[-74.0235932981349,40.2064015407718],[-74.0236922332517,40.2061245127822]]}},{"type":"Feature","id":286047,"properties":{"OBJECTID":286047,"PRIMENAME":"Park Place","ELEVTYP_F":0,"ELEVTYP_T":0},"geometry":{"type":"LineString","coordinates":[[-74.0427683226652,40.1959150819264],[-74.0427743151264,40.1958064761134],[-74.0427877289639,40.1956587517796],[-74.0428199228014,40.1954920217129],[-74.0428705104013,40.1953636060189],[-74.0429339645129,40.1951636446544],[-74.0429518836699,40.1951073547711]]}},{"type":"Feature","id":286096,"properties":{"OBJECTID":286096,"PRIMENAME":"Main Street","ELEVTYP_F":0,"ELEVTYP_T":0},"geometry":{"type":"LineString","coordinates":[[-74.0203104080502,40.1966545618522],[-74.0200809214473,40.197290758361]]}},{"type":"Feature","id":286121,"properties":{"OBJECTID":286121,"PRIMENAME":"FR RT 35 SB to MORRIS AVE","ELEVTYP_F":0,"ELEVTYP_T":0},"geometry":{"type":"LineString","coordinates":[[-74.0286069685568,40.1986970750756],[-74.0288233378709,40.19844525473],[-74.0289167506824,40.1983094971144],[-74.0290383710046,40.1981328681047],[-74.029061660095,40.1980990866954],[-74.0290637293033,40.1980948943691],[-74.0291518495192,40.197916893221]]}},{"type":"Feature","id":286122,"properties":{"OBJECTID":286122,"PRIMENAME":"FR CO 40 SB to RT 35 NB","ELEVTYP_F":0,"ELEVTYP_T":0},"geometry":{"type":"LineString","coordinates":[[-74.0227301386521,40.1938274450651],[-74.0227957123845,40.1937724815159],[-74.02291450898,40.1936729061978],[-74.0229894419187,40.1936207804038],[-74.0230767986131,40.1935734820214],[-74.0231888647527,40.1935453382192],[-74.023319514071,40.1935268242846],[-74.0239227715372,40.1934673465779],[-74.0240346705791,40.1934630295187],[-74.024127852683,40.1934681897719],[-74.024214775399,40.1934828497608],[-74.0242785838666,40.1934994421215],[-74.024326441414,40.1935118861487],[-74.0243320434029,40.1935146138928],[-74.0244757851213,40.1935845905975]]}},{"type":"Feature","id":286691,"properties":{"OBJECTID":286691,"PRIMENAME":"Springdale Avenue","ELEVTYP_F":0,"ELEVTYP_T":0},"geometry":{"type":"LineString","coordinates":[[-74.0371939334,40.2061245756172],[-74.0371471555773,40.2062070010203],[-74.037083653865,40.2063188970968]]}},{"type":"Feature","id":287644,"properties":{"OBJECTID":287644,"PRIMENAME":"Prospect Avenue","ELEVTYP_F":0,"ELEVTYP_T":0},"geometry":{"type":"LineString","coordinates":[[-74.0428935944413,40.190368635275],[-74.0432832155835,40.190436169123],[-74.0438680280297,40.1905423001612]]}},{"type":"Feature","id":287825,"properties":{"OBJECTID":287825,"PRIMENAME":"4th Avenue","ELEVTYP_F":0,"ELEVTYP_T":0},"geometry":{"type":"LineString","coordinates":[[-74.0200807201072,40.2012900226728],[-74.0199310363261,40.2012664798821]]}},{"type":"Feature","id":288000,"properties":{"OBJECTID":288000,"PRIMENAME":"Union Avenue","ELEVTYP_F":0,"ELEVTYP_T":0},"geometry":{"type":"LineString","coordinates":[[-74.0322191897752,40.1978132486834],[-74.0317436771627,40.1983096287293],[-74.0316838194036,40.1983720888229]]}},{"type":"Feature","id":288028,"properties":{"OBJECTID":288028,"PRIMENAME":"5th Avenue","ELEVTYP_F":0,"ELEVTYP_T":0},"geometry":{"type":"LineString","coordinates":[[-74.0375497493408,40.2054876347746],[-74.0383326384795,40.2057899930776]]}},{"type":"Feature","id":288392,"properties":{"OBJECTID":288392,"PRIMENAME":"Taylor Avenue","ELEVTYP_F":0,"ELEVTYP_T":0},"geometry":{"type":"LineString","coordinates":[[-74.0339635693464,40.2076948793679],[-74.033936304708,40.2070020315393]]}},{"type":"Feature","id":290143,"properties":{"OBJECTID":290143,"PRIMENAME":"Laurel Avenue","ELEVTYP_F":0,"ELEVTYP_T":0},"geometry":{"type":"LineString","coordinates":[[-74.0292339327279,40.2003146355796],[-74.0294149237715,40.199639460799]]}},{"type":"Feature","id":290237,"properties":{"OBJECTID":290237,"PRIMENAME":"Oliver Drive","ELEVTYP_F":0,"ELEVTYP_T":0},"geometry":{"type":"LineString","coordinates":[[-74.0436058309883,40.2039324060138],[-74.0433799153172,40.2046520898885],[-74.0433518906396,40.2047412829079]]}},{"type":"Feature","id":290417,"properties":{"OBJECTID":290417,"PRIMENAME":"5th Avenue","ELEVTYP_F":0,"ELEVTYP_T":0},"geometry":{"type":"LineString","coordinates":[[-74.0383326384795,40.2057899930776],[-74.0385117605587,40.20585917018],[-74.0390254000043,40.20605753376],[-74.0391270345591,40.2060967286357]]}},{"type":"Feature","id":291076,"properties":{"OBJECTID":291076,"PRIMENAME":"Overlook Drive","ELEVTYP_F":0,"ELEVTYP_T":0},"geometry":{"type":"LineString","coordinates":[[-74.051361492183,40.1964007112564],[-74.0512885559948,40.1963592497198],[-74.0511213279563,40.196268061973],[-74.0509541684594,40.1961720709507],[-74.0508962003321,40.1961299809111]]}},{"type":"Feature","id":291881,"properties":{"OBJECTID":291881,"PRIMENAME":"Lakewood Road","ELEVTYP_F":0,"ELEVTYP_T":0},"geometry":{"type":"LineString","coordinates":[[-74.0456412332511,40.1954849005008],[-74.0457232935903,40.1954406121181],[-74.0463284222575,40.1950998270901],[-74.0471202664436,40.194716889221],[-74.0473350858057,40.1946160170721]]}},{"type":"Feature","id":293090,"properties":{"OBJECTID":293090,"PRIMENAME":"South Riverside Drive","ELEVTYP_F":0,"ELEVTYP_T":0},"geometry":{"type":"LineString","coordinates":[[-74.0389494087381,40.1910801324892],[-74.0389885397356,40.1914957293452],[-74.039018503728,40.1918139698902]]}},{"type":"Feature","id":293273,"properties":{"OBJECTID":293273,"PRIMENAME":"Springdale Avenue","ELEVTYP_F":0,"ELEVTYP_T":0},"geometry":{"type":"LineString","coordinates":[[-74.03879386304,40.2032239173963],[-74.0379274018141,40.2048091427001],[-74.0379023196637,40.2048542023344]]}},{"type":"Feature","id":293752,"properties":{"OBJECTID":293752,"PRIMENAME":"Main Street","ELEVTYP_F":0,"ELEVTYP_T":0},"geometry":{"type":"LineString","coordinates":[[-74.0205326800933,40.1960356846188],[-74.0204291827142,40.196330591491],[-74.0203949128411,40.1964240547846]]}},{"type":"Feature","id":294326,"properties":{"OBJECTID":294326,"PRIMENAME":"Forest Drive","ELEVTYP_F":0,"ELEVTYP_T":0},"geometry":{"type":"LineString","coordinates":[[-74.0493105046839,40.1910507633278],[-74.0491799517751,40.1915268880288],[-74.0491773144999,40.1915358547921],[-74.0491460034326,40.1916423314102]]}},{"type":"Feature","id":294702,"properties":{"OBJECTID":294702,"PRIMENAME":"Hillside Drive","ELEVTYP_F":0,"ELEVTYP_T":0},"geometry":{"type":"LineString","coordinates":[[-74.0479805142835,40.1957569174129],[-74.0480790397567,40.1957938964965],[-74.048798215596,40.1960635681259],[-74.0488496642465,40.1960844958695]]}},{"type":"Feature","id":296122,"properties":{"OBJECTID":296122,"PRIMENAME":"Nathan Place","ELEVTYP_F":0,"ELEVTYP_T":0},"geometry":{"type":"LineString","coordinates":[[-74.0427749203465,40.202176114458],[-74.0428867045462,40.2021908586226],[-74.042973702185,40.2021912021243],[-74.0430669906657,40.2021772676926],[-74.0431605140625,40.2021442542394],[-74.0431622762772,40.2021431632724]]}},{"type":"Feature","id":296263,"properties":{"OBJECTID":296263,"PRIMENAME":"Hillside Avenue","ELEVTYP_F":0,"ELEVTYP_T":0},"geometry":{"type":"LineString","coordinates":[[-74.0335155469925,40.20099662239],[-74.0334160196578,40.2009806008961],[-74.0321301063587,40.200773716617]]}},{"type":"Feature","id":296317,"properties":{"OBJECTID":296317,"PRIMENAME":"Union Avenue","ELEVTYP_F":0,"ELEVTYP_T":0},"geometry":{"type":"LineString","coordinates":[[-74.0324489444109,40.197573409517],[-74.0322191897752,40.1978132486834]]}},{"type":"Feature","id":296397,"properties":{"OBJECTID":296397,"PRIMENAME":"West Sylvania Avenue","ELEVTYP_F":0,"ELEVTYP_T":0},"geometry":{"type":"LineString","coordinates":[[-74.0291292229978,40.197218159927],[-74.0295014487858,40.1973872996458]]}},{"type":"Feature","id":296665,"properties":{"OBJECTID":296665,"PRIMENAME":"Home Street","ELEVTYP_F":0,"ELEVTYP_T":0},"geometry":{"type":"LineString","coordinates":[[-74.0229613626788,40.1946852773727],[-74.0230301405909,40.19469945097],[-74.0243218967482,40.1949668325394],[-74.0246747932729,40.1950398748629],[-74.0247649833498,40.1950585558552]]}},{"type":"Feature","id":296677,"properties":{"OBJECTID":296677,"PRIMENAME":"Smock Avenue","ELEVTYP_F":0,"ELEVTYP_T":0},"geometry":{"type":"LineString","coordinates":[[-74.049147123145,40.2015218202445],[-74.0489598003904,40.2021600502495],[-74.0489255797527,40.2021969499189]]}},{"type":"Feature","id":296726,"properties":{"OBJECTID":296726,"PRIMENAME":"Hillside Drive","ELEVTYP_F":0,"ELEVTYP_T":0},"geometry":{"type":"LineString","coordinates":[[-74.0495200290611,40.1970119850452],[-74.0495495230315,40.1971102976743],[-74.0496288074252,40.1973393964349],[-74.0496389683702,40.1973782811624]]}},{"type":"Feature","id":297835,"properties":{"OBJECTID":297835,"PRIMENAME":"FR RAMP B100840 to RAMP A200830","ELEVTYP_F":0,"ELEVTYP_T":0},"geometry":{"type":"LineString","coordinates":[[-74.0500786206604,40.2067763832867],[-74.0501116808905,40.2067870643468],[-74.0501455429375,40.2067961495493],[-74.0501800759054,40.2068036037745],[-74.0502151463044,40.2068093982075],[-74.0502506185674,40.2068135104496],[-74.0502863555736,40.2068159246046],[-74.0503222191787,40.2068166313402],[-74.0503580707491,40.2068156279245],[-74.0503796444134,40.2068153405134],[-74.0504011340744,40.2068138541878],[-74.0504224265431,40.2068111767764],[-74.0504434096689,40.2068073223816],[-74.0504639729308,40.2068023113051],[-74.0504840080192,40.2067961699407],[-74.0505034094066,40.2067889306361],[-74.0505220749034,40.2067806315215]]}},{"type":"Feature","id":297852,"properties":{"OBJECTID":297852,"PRIMENAME":"Riverview Court","ELEVTYP_F":0,"ELEVTYP_T":0},"geometry":{"type":"LineString","coordinates":[[-74.0402558542273,40.1955538203941],[-74.0402780292467,40.1954772610355],[-74.0404492406541,40.1948857876619]]}},{"type":"Feature","id":298197,"properties":{"OBJECTID":298197,"PRIMENAME":"Forest Drive","ELEVTYP_F":0,"ELEVTYP_T":0},"geometry":{"type":"LineString","coordinates":[[-74.0491460034326,40.1916423314102],[-74.0489718268474,40.1922349044817]]}},{"type":"Feature","id":298389,"properties":{"OBJECTID":298389,"PRIMENAME":"Avondale Avenue","ELEVTYP_F":0,"ELEVTYP_T":0},"geometry":{"type":"LineString","coordinates":[[-74.0323125973764,40.200100355532],[-74.0321301063587,40.200773716617]]}},{"type":"Feature","id":300135,"properties":{"OBJECTID":300135,"PRIMENAME":"Railroad Avenue","ELEVTYP_F":0,"ELEVTYP_T":0},"geometry":{"type":"LineString","coordinates":[[-74.0235289730387,40.1903955372297],[-74.023565134664,40.1902924884936],[-74.0235906757139,40.1902181690093],[-74.0236056556899,40.1901543484628],[-74.0235977442872,40.1901032269059],[-74.0235522174859,40.1900615040095],[-74.023504692257,40.1900443973306],[-74.0234370283791,40.1900200428613]]}},{"type":"Feature","id":300498,"properties":{"OBJECTID":300498,"PRIMENAME":"West Sylvania Avenue","ELEVTYP_F":0,"ELEVTYP_T":0},"geometry":{"type":"LineString","coordinates":[[-74.0424108833115,40.2046141675221],[-74.042470790398,40.2046291735582]]}},{"type":"Feature","id":301250,"properties":{"OBJECTID":301250,"PRIMENAME":"7th Avenue","ELEVTYP_F":0,"ELEVTYP_T":0},"geometry":{"type":"LineString","coordinates":[[-74.0240543301623,40.2051104214605],[-74.0242507850941,40.2051415681933],[-74.0243856847959,40.2051629550958],[-74.0262755005754,40.2054625529673],[-74.0263998457023,40.2054836232273]]}},{"type":"Feature","id":302494,"properties":{"OBJECTID":302494,"PRIMENAME":"Prospect Avenue","ELEVTYP_F":0,"ELEVTYP_T":0},"geometry":{"type":"LineString","coordinates":[[-74.0416601578324,40.1900650188558],[-74.0416823056924,40.1900771305588],[-74.0417938420792,40.1901204802539],[-74.0419301915932,40.1901734544697],[-74.0420790634933,40.1902169245914],[-74.042253038446,40.1902534658095],[-74.042333503075,40.190270365375],[-74.0428611288248,40.1903630165631],[-74.0428935944413,40.190368635275]]}},{"type":"Feature","id":303921,"properties":{"OBJECTID":303921,"PRIMENAME":"Ivins Road","ELEVTYP_F":0,"ELEVTYP_T":0},"geometry":{"type":"LineString","coordinates":[[-74.0442625244069,40.1971174139021],[-74.044486456066,40.1971599244342]]}},{"type":"Feature","id":304120,"properties":{"OBJECTID":304120,"PRIMENAME":"8th Avenue","ELEVTYP_F":0,"ELEVTYP_T":0},"geometry":{"type":"LineString","coordinates":[[-74.0209388484057,40.2056868947284],[-74.0219773946857,40.2058500009876],[-74.0231633745628,40.2060407741623],[-74.0236922332517,40.2061245127822]]}},{"type":"Feature","id":304342,"properties":{"OBJECTID":304342,"PRIMENAME":"Lakeside Avenue","ELEVTYP_F":0,"ELEVTYP_T":0},"geometry":{"type":"LineString","coordinates":[[-74.0205326800933,40.1960356846188],[-74.0204092671664,40.1959611893235],[-74.019431421211,40.1953708834766]]}},{"type":"Feature","id":305095,"properties":{"OBJECTID":305095,"PRIMENAME":"Woodmere Avenue","ELEVTYP_F":0,"ELEVTYP_T":0},"geometry":{"type":"LineString","coordinates":[[-74.0461260698096,40.1916497198775],[-74.045922834853,40.1916142505022],[-74.045409194261,40.1915211196724],[-74.0441227054925,40.1912878467596],[-74.043371632769,40.1911514399278],[-74.043246175101,40.1911286253731],[-74.0432415260864,40.1911278387545]]}},{"type":"Feature","id":305848,"properties":{"OBJECTID":305848,"PRIMENAME":"5th Avenue","ELEVTYP_F":0,"ELEVTYP_T":0},"geometry":{"type":"LineString","coordinates":[[-74.0205531198743,40.1910746697012],[-74.0205076978063,40.191420659611],[-74.0204856759064,40.1915884136761]]}},{"type":"Feature","id":306193,"properties":{"OBJECTID":306193,"PRIMENAME":"Overlook Drive","ELEVTYP_F":0,"ELEVTYP_T":0},"geometry":{"type":"LineString","coordinates":[[-74.0479805142835,40.1957569174129],[-74.047792488419,40.1958928695061],[-74.0475613468743,40.1960683221124],[-74.0474740402147,40.1961156382691],[-74.0473929886906,40.1961534532786],[-74.0473181950666,40.1961817113233],[-74.0472436264953,40.1961814197094],[-74.0471130401568,40.1961904902905],[-74.0470073675817,40.1961948260953],[-74.0468955005361,40.1961991645789],[-74.0467648158276,40.196217705878],[-74.0466651456285,40.1962506973214],[-74.0465592177747,40.1962931635848],[-74.0464531592655,40.196349931954],[-74.0463718844553,40.1964211279795],[-74.0462967755301,40.1965018736482],[-74.0462214761153,40.1966111690077],[-74.0461628706383,40.1966758103639]]}},{"type":"Feature","id":306742,"properties":{"OBJECTID":306742,"PRIMENAME":"West Sylvania Avenue","ELEVTYP_F":0,"ELEVTYP_T":0},"geometry":{"type":"LineString","coordinates":[[-74.0304613343179,40.1978233899548],[-74.0304976539167,40.1978398917039],[-74.0308248600669,40.1979866897819]]}},{"type":"Feature","id":306890,"properties":{"OBJECTID":306890,"PRIMENAME":"Oak Terrace","ELEVTYP_F":0,"ELEVTYP_T":0},"geometry":{"type":"LineString","coordinates":[[-74.0257925549565,40.1919081617283],[-74.0257215398178,40.1919843264113],[-74.0244691996518,40.1933280189601],[-74.0244013549834,40.1934008192033]]}},{"type":"Feature","id":307495,"properties":{"OBJECTID":307495,"PRIMENAME":"Laurel Avenue","ELEVTYP_F":0,"ELEVTYP_T":0},"geometry":{"type":"LineString","coordinates":[[-74.0288672964755,40.2016580182018],[-74.0288868019314,40.2015866111247],[-74.0290511461441,40.2009848057506]]}},{"type":"Feature","id":307502,"properties":{"OBJECTID":307502,"PRIMENAME":"FR RT 35 NB to RAMP X102210","ELEVTYP_F":0,"ELEVTYP_T":0},"geometry":{"type":"LineString","coordinates":[[-74.0243059143772,40.1909880269409],[-74.0242367114845,40.1911634120345],[-74.0241923406559,40.1913913886841],[-74.0241804877948,40.1914358135],[-74.0241104762165,40.1916982201992],[-74.0240107203979,40.1920601840477],[-74.0239727782278,40.1922031804095],[-74.0239348347273,40.192346175849],[-74.0238953002178,40.192425104229],[-74.0238930494551,40.192429542505]]}},{"type":"Feature","id":307674,"properties":{"OBJECTID":307674,"PRIMENAME":"West Sylvania Avenue","ELEVTYP_F":0,"ELEVTYP_T":0},"geometry":{"type":"LineString","coordinates":[[-74.0280743704021,40.1967281353693],[-74.0282361852092,40.1968107517702],[-74.0286857040405,40.1970160198861],[-74.0289734457147,40.1971474123087],[-74.0291292229978,40.197218159927]]}},{"type":"Feature","id":307757,"properties":{"OBJECTID":307757,"PRIMENAME":"Valley Road","ELEVTYP_F":0,"ELEVTYP_T":0},"geometry":{"type":"LineString","coordinates":[[-74.0413805255906,40.1936403310914],[-74.0413042501692,40.1935271986257],[-74.0412368728135,40.1933792092163],[-74.0411760775409,40.1931787563066],[-74.0411464197054,40.1929689552791],[-74.0411405759491,40.1928958810556]]}},{"type":"Feature","id":307957,"properties":{"OBJECTID":307957,"PRIMENAME":"4th Avenue","ELEVTYP_F":0,"ELEVTYP_T":0},"geometry":{"type":"LineString","coordinates":[[-74.0223917961042,40.2016563825913],[-74.0202240198996,40.201312743517],[-74.0200807201072,40.2012900226728]]}},{"type":"Feature","id":308001,"properties":{"OBJECTID":308001,"PRIMENAME":"FR RAMP B102220 to CO 40 SB","ELEVTYP_F":0,"ELEVTYP_T":1},"geometry":{"type":"LineString","coordinates":[[-74.0230546224158,40.192690417775],[-74.0231388580218,40.1927015404585],[-74.023161834316,40.1927075381219]]}},{"type":"Feature","id":308389,"properties":{"OBJECTID":308389,"PRIMENAME":"Clayton Avenue","ELEVTYP_F":0,"ELEVTYP_T":0},"geometry":{"type":"LineString","coordinates":[[-74.050854324717,40.1946960771648],[-74.051045875974,40.1940294469118]]}},{"type":"Feature","id":308410,"properties":{"OBJECTID":308410,"PRIMENAME":"Overbrook Place","ELEVTYP_F":0,"ELEVTYP_T":0},"geometry":{"type":"LineString","coordinates":[[-74.0504534314704,40.2047421555238],[-74.0505834325559,40.2047901546226],[-74.0507734328087,40.2048701549865],[-74.0508114338359,40.2048971560321],[-74.0509480491462,40.2050337715333]]}},{"type":"Feature","id":309181,"properties":{"OBJECTID":309181,"PRIMENAME":"Filmore Avenue","ELEVTYP_F":0,"ELEVTYP_T":0},"geometry":{"type":"LineString","coordinates":[[-74.0383326384795,40.2057899930776],[-74.0382931819843,40.2058639025635],[-74.0381357877423,40.2061588017311]]}},{"type":"Feature","id":309433,"properties":{"OBJECTID":309433,"PRIMENAME":"Laurel Avenue","ELEVTYP_F":0,"ELEVTYP_T":0},"geometry":{"type":"LineString","coordinates":[[-74.0290511461441,40.2009848057506],[-74.0292247812267,40.2003488041513],[-74.0292339327279,40.2003146355796]]}},{"type":"Feature","id":309484,"properties":{"OBJECTID":309484,"PRIMENAME":"3rd Avenue","ELEVTYP_F":0,"ELEVTYP_T":0},"geometry":{"type":"LineString","coordinates":[[-74.0288672964755,40.2016580182018],[-74.0272657592501,40.2014036750404],[-74.0271450616178,40.2013842670382]]}},{"type":"Feature","id":310884,"properties":{"OBJECTID":310884,"PRIMENAME":"Highland Avenue","ELEVTYP_F":0,"ELEVTYP_T":0},"geometry":{"type":"LineString","coordinates":[[-74.0487840094277,40.1928597087676],[-74.0490526740488,40.1929133271281],[-74.0492699918715,40.1929475281527],[-74.0493816629429,40.1929717920493],[-74.0494932494205,40.1930198567555],[-74.0495985082161,40.1930774772191],[-74.0497160342987,40.1931637246304],[-74.049802548784,40.1932355747226],[-74.049901614338,40.1932931438046],[-74.0500007126246,40.1933459636678],[-74.0500750576972,40.1933796073404],[-74.0501804435961,40.1934181487624],[-74.0503293267638,40.1934616083132],[-74.0504782111192,40.1935050946974],[-74.0505956882857,40.193539427901]]}},{"type":"Feature","id":311421,"properties":{"OBJECTID":311421,"PRIMENAME":"Avondale Avenue","ELEVTYP_F":0,"ELEVTYP_T":0},"geometry":{"type":"LineString","coordinates":[[-74.0319487237888,40.2014416462466],[-74.0317863829017,40.2020368483831],[-74.0317650781074,40.2021151388227]]}},{"type":"Feature","id":311427,"properties":{"OBJECTID":311427,"PRIMENAME":"Corlies Avenue","ELEVTYP_F":0,"ELEVTYP_T":0},"geometry":{"type":"LineString","coordinates":[[-74.0505195042075,40.2062862834192],[-74.0507367081923,40.2062683214458],[-74.0510959025779,40.2062410816364],[-74.0514176595603,40.2062280262547],[-74.0515313255202,40.2062271489888],[-74.0517253824523,40.2062256498568],[-74.0517770676268,40.2062271262509],[-74.0520143799614,40.2062339064788],[-74.0521140041516,40.2062407975466],[-74.0522334059671,40.2062490565984],[-74.0522961725115,40.2062561832165],[-74.0524206327641,40.2062703151149]]}},{"type":"Feature","id":311735,"properties":{"OBJECTID":311735,"PRIMENAME":"Unnamed Segment","ELEVTYP_F":0,"ELEVTYP_T":0},"geometry":{"type":"LineString","coordinates":[[-74.0442994901871,40.2047896410011],[-74.0443354286485,40.2046281557277],[-74.0443984306333,40.2045111558402],[-74.0446764310919,40.2040351557018],[-74.0446984310205,40.2040081553777],[-74.0447554292233,40.2039531556502],[-74.045024431981,40.2037271561355]]}},{"type":"Feature","id":312436,"properties":{"OBJECTID":312436,"PRIMENAME":"Fairfield Way","ELEVTYP_F":0,"ELEVTYP_T":0},"geometry":{"type":"LineString","coordinates":[[-74.0490965800394,40.1910080371887],[-74.0489406694296,40.1910588764225],[-74.0478468545498,40.1914155570409]]}},{"type":"Feature","id":314279,"properties":{"OBJECTID":314279,"PRIMENAME":"Summerlan Place","ELEVTYP_F":0,"ELEVTYP_T":0},"geometry":{"type":"LineString","coordinates":[[-74.0379023196637,40.2048542023344],[-74.0378092231177,40.2048182522701],[-74.0374279434003,40.2046709832591]]}},{"type":"Feature","id":314514,"properties":{"OBJECTID":314514,"PRIMENAME":"Sylvania Avenue","ELEVTYP_F":0,"ELEVTYP_T":0},"geometry":{"type":"LineString","coordinates":[[-74.021067210178,40.1926811293019],[-74.0203495935554,40.1926274529757]]}},{"type":"Feature","id":314532,"properties":{"OBJECTID":314532,"PRIMENAME":"3rd Avenue","ELEVTYP_F":0,"ELEVTYP_T":0},"geometry":{"type":"LineString","coordinates":[[-74.0317650781074,40.2021151388227],[-74.0305316122797,40.2019221481744],[-74.0303544759096,40.2018940320724]]}},{"type":"Feature","id":315374,"properties":{"OBJECTID":315374,"PRIMENAME":"South Riverside Drive","ELEVTYP_F":0,"ELEVTYP_T":0},"geometry":{"type":"LineString","coordinates":[[-74.0503799301028,40.1905801827442],[-74.0501683941618,40.1905441670868],[-74.049690410465,40.1904564915574],[-74.0495601510514,40.1904178529005],[-74.0494905037891,40.1903943021259]]}},{"type":"Feature","id":315804,"properties":{"OBJECTID":315804,"PRIMENAME":"Robbins Road","ELEVTYP_F":0,"ELEVTYP_T":0},"geometry":{"type":"LineString","coordinates":[[-74.0514062411619,40.2019256125544],[-74.0492591606742,40.2015416381447],[-74.049147123145,40.2015218202445]]}},{"type":"Feature","id":316204,"properties":{"OBJECTID":316204,"PRIMENAME":"Unnamed Segment","ELEVTYP_F":0,"ELEVTYP_T":0},"geometry":{"type":"LineString","coordinates":[[-74.0318004262519,40.197583155596],[-74.0317384274799,40.1976511534194],[-74.0314644259398,40.1974981550596],[-74.0314174252733,40.1974691531534],[-74.031487424546,40.1973971537594]]}},{"type":"Feature","id":316789,"properties":{"OBJECTID":316789,"PRIMENAME":"Forest Drive","ELEVTYP_F":0,"ELEVTYP_T":0},"geometry":{"type":"LineString","coordinates":[[-74.0494905037891,40.1903943021259],[-74.0493105046839,40.1910507633278]]}},{"type":"Feature","id":316915,"properties":{"OBJECTID":316915,"PRIMENAME":"Cedar Place","ELEVTYP_F":0,"ELEVTYP_T":0},"geometry":{"type":"LineString","coordinates":[[-74.04611066289,40.1909482719149],[-74.0460894391868,40.1908618508404],[-74.0460963307081,40.1907570356178],[-74.0460970296022,40.1906521970137],[-74.0461163464259,40.1905521527447],[-74.0461609143707,40.1903855250399],[-74.0462057161151,40.1901998192159],[-74.0462172021725,40.1901522058845]]}},{"type":"Feature","id":317143,"properties":{"OBJECTID":317143,"PRIMENAME":"FR CO 40 A SB TO NJ 35 SB","ELEVTYP_F":0,"ELEVTYP_T":0},"geometry":{"type":"LineString","coordinates":[[-74.0234903818422,40.1919680525153],[-74.023549321732,40.1918206834854],[-74.0236615601107,40.1915116446107],[-74.0236973048823,40.1914338265494],[-74.0237174682231,40.1913899304447],[-74.0237732890199,40.1912752978976],[-74.0237762297181,40.1912711137495]]}},{"type":"Feature","id":317959,"properties":{"OBJECTID":317959,"PRIMENAME":"Oak Drive","ELEVTYP_F":0,"ELEVTYP_T":0},"geometry":{"type":"LineString","coordinates":[[-74.0456658078906,40.2048526214031],[-74.0455847113233,40.2049276606272],[-74.0452397549055,40.2052467592564],[-74.0451281066587,40.2053500367275],[-74.0450994165888,40.2053904011466]]}},{"type":"Feature","id":318184,"properties":{"OBJECTID":318184,"PRIMENAME":"South Riverside Drive","ELEVTYP_F":0,"ELEVTYP_T":0},"geometry":{"type":"LineString","coordinates":[[-74.0387719173853,40.1892108065297],[-74.0388952072802,40.1905045642365],[-74.0389494087381,40.1910801324892]]}},{"type":"Feature","id":319117,"properties":{"OBJECTID":319117,"PRIMENAME":"Carton Avenue","ELEVTYP_F":0,"ELEVTYP_T":0},"geometry":{"type":"LineString","coordinates":[[-74.0511971136476,40.2026103481236],[-74.0512198383833,40.2025358478178],[-74.0514062411619,40.2019256125544]]}},{"type":"Feature","id":319631,"properties":{"OBJECTID":319631,"PRIMENAME":"Smock Street","ELEVTYP_F":0,"ELEVTYP_T":0},"geometry":{"type":"LineString","coordinates":[[-74.0231996265606,40.1941453597491],[-74.0229287758067,40.1940890091193]]}},{"type":"Feature","id":319653,"properties":{"OBJECTID":319653,"PRIMENAME":"West Sylvania Avenue","ELEVTYP_F":0,"ELEVTYP_T":0},"geometry":{"type":"LineString","coordinates":[[-74.0333036751588,40.1990995238142],[-74.0338666743024,40.1993526659193]]}},{"type":"Feature","id":319819,"properties":{"OBJECTID":319819,"PRIMENAME":"5th Avenue","ELEVTYP_F":0,"ELEVTYP_T":0},"geometry":{"type":"LineString","coordinates":[[-74.0364178256261,40.2050516082503],[-74.0368397110393,40.2052134547244],[-74.0368430360947,40.205214730772],[-74.0375497493408,40.2054876347746]]}},{"type":"Feature","id":320755,"properties":{"OBJECTID":320755,"PRIMENAME":"Ridge Terrace","ELEVTYP_F":0,"ELEVTYP_T":0},"geometry":{"type":"LineString","coordinates":[[-74.0262547172818,40.1987473197535],[-74.0255338979426,40.1983987114942],[-74.0254596262933,40.198355498952],[-74.0253726304773,40.1983503930487],[-74.0252918002424,40.198359560125],[-74.025210801288,40.1983878612717],[-74.0251545794368,40.1984257895246],[-74.0251044560558,40.1984827127628],[-74.0247340316061,40.1990150084919],[-74.0246475933431,40.1991349782089]]}},{"type":"Feature","id":321756,"properties":{"OBJECTID":321756,"PRIMENAME":"3rd Avenue","ELEVTYP_F":0,"ELEVTYP_T":0},"geometry":{"type":"LineString","coordinates":[[-74.0227529692295,40.2006456673673],[-74.0207965575687,40.200338049979],[-74.0205978505563,40.2003086497748],[-74.0204369462089,40.2002848405045]]}},{"type":"Feature","id":322254,"properties":{"OBJECTID":322254,"PRIMENAME":"Ivins Road","ELEVTYP_F":0,"ELEVTYP_T":0},"geometry":{"type":"LineString","coordinates":[[-74.0470302488255,40.1976896555006],[-74.0471280648352,40.197677547647],[-74.04722128177,40.1976731350995],[-74.0473393161678,40.197678373877],[-74.0479663943782,40.1977809161517],[-74.0480652592645,40.1977995858503]]}},{"type":"Feature","id":322723,"properties":{"OBJECTID":322723,"PRIMENAME":"Marine Place","ELEVTYP_F":0,"ELEVTYP_T":0},"geometry":{"type":"LineString","coordinates":[[-74.0215279799599,40.190625707507],[-74.0214584444639,40.1911478980935]]}},{"type":"Feature","id":324702,"properties":{"OBJECTID":324702,"PRIMENAME":"West Sylvania Avenue","ELEVTYP_F":0,"ELEVTYP_T":0},"geometry":{"type":"LineString","coordinates":[[-74.0431454587821,40.2047274320411],[-74.0431484304834,40.2048191557364],[-74.04316643131,40.2049001549804],[-74.0431944293246,40.2049691561724],[-74.0432374303595,40.2050101551785],[-74.0436016644744,40.2052403123937],[-74.0439084310356,40.2054341547716],[-74.0434975198215,40.2058313063217]]}},{"type":"Feature","id":324917,"properties":{"OBJECTID":324917,"PRIMENAME":"Overlook Drive","ELEVTYP_F":0,"ELEVTYP_T":0},"geometry":{"type":"LineString","coordinates":[[-74.0509555164507,40.1975415503633],[-74.0509453971161,40.1975017598339],[-74.0509520303952,40.1974350752936],[-74.0509896786742,40.1973828146679],[-74.0510772411034,40.1973021142534],[-74.051246006037,40.1971550183027],[-74.051339793353,40.1970696195782],[-74.0514148379458,40.1970031731027],[-74.0514586476965,40.1969556575322],[-74.0514732568875,40.1969226341534]]}},{"type":"Feature","id":325705,"properties":{"OBJECTID":325705,"PRIMENAME":"Brinley Avenue","ELEVTYP_F":0,"ELEVTYP_T":0},"geometry":{"type":"LineString","coordinates":[[-74.0372093266396,40.206097451244],[-74.037205203278,40.2060929872356],[-74.0371372068837,40.2060355316375],[-74.0367280064216,40.2058813684309],[-74.0361018417614,40.2056310459909],[-74.0359281618514,40.2055826655075],[-74.0358226000051,40.2055631894262],[-74.0356299389681,40.2055576404482],[-74.0347988425092,40.2055737400063]]}},{"type":"Feature","id":325891,"properties":{"OBJECTID":325891,"PRIMENAME":"Lakewood Road","ELEVTYP_F":0,"ELEVTYP_T":0},"geometry":{"type":"LineString","coordinates":[[-74.0473350858057,40.1946160170721],[-74.0474716857427,40.1945518628383],[-74.0476190315292,40.1944826607197],[-74.0479556590196,40.1943245615909],[-74.0480085155205,40.1943001975567]]}},{"type":"Feature","id":326392,"properties":{"OBJECTID":326392,"PRIMENAME":"Couse Road","ELEVTYP_F":0,"ELEVTYP_T":0},"geometry":{"type":"LineString","coordinates":[[-74.0536690218758,40.1944966214696],[-74.0511453145872,40.1940471551892],[-74.051045875974,40.1940294469118]]}},{"type":"Feature","id":326415,"properties":{"OBJECTID":326415,"PRIMENAME":"Brinley Avenue","ELEVTYP_F":0,"ELEVTYP_T":0},"geometry":{"type":"LineString","coordinates":[[-74.0216602570019,40.203672004982],[-74.0210113722606,40.2035678295035],[-74.0195230669034,40.2033335301561],[-74.019352117366,40.2033067135692]]}},{"type":"Feature","id":327470,"properties":{"OBJECTID":327470,"PRIMENAME":"Steiner Avenue","ELEVTYP_F":0,"ELEVTYP_T":0},"geometry":{"type":"LineString","coordinates":[[-74.0242376858423,40.1964898285726],[-74.0240373093275,40.1970538690331]]}},{"type":"Feature","id":327987,"properties":{"OBJECTID":327987,"PRIMENAME":"Gray Place","ELEVTYP_F":0,"ELEVTYP_T":0},"geometry":{"type":"LineString","coordinates":[[-74.0225639019735,40.1981271199863],[-74.0225461472511,40.1981338360403],[-74.0225209347802,40.1981861665868],[-74.0224797009336,40.1982904521659],[-74.0223817055422,40.1985383033478],[-74.0223467625903,40.1986353409852]]}},{"type":"Feature","id":328434,"properties":{"OBJECTID":328434,"PRIMENAME":"Robbins Road","ELEVTYP_F":0,"ELEVTYP_T":0},"geometry":{"type":"LineString","coordinates":[[-74.047044352558,40.201149260975],[-74.0462605298595,40.2010104111397],[-74.0459695887755,40.20095886688]]}},{"type":"Feature","id":328628,"properties":{"OBJECTID":328628,"PRIMENAME":"Garfield Lane","ELEVTYP_F":0,"ELEVTYP_T":0},"geometry":{"type":"LineString","coordinates":[[-74.0205531198743,40.1910746697012],[-74.0213777678992,40.1911413607286],[-74.0214584444639,40.1911478980935]]}},{"type":"Feature","id":328914,"properties":{"OBJECTID":328914,"PRIMENAME":"Pinewood Drive","ELEVTYP_F":0,"ELEVTYP_T":0},"geometry":{"type":"LineString","coordinates":[[-74.0494905037891,40.1903943021259],[-74.0494859355114,40.1903651573957],[-74.0494680430531,40.1902506929383],[-74.0493831738546,40.1899310334302],[-74.0492744041962,40.1894635303218],[-74.0492440555355,40.1893490443368],[-74.0492446234312,40.1892632571681],[-74.0492706796345,40.1892205458877],[-74.0492823316797,40.1892014428824],[-74.0493700479956,40.1891016922332],[-74.0496821033613,40.188897945056],[-74.0497880807301,40.1888459496022],[-74.0499001910558,40.1888082815305],[-74.0499284379985,40.1888021865911]]}},{"type":"Feature","id":329967,"properties":{"OBJECTID":329967,"PRIMENAME":"Garfield Avenue","ELEVTYP_F":0,"ELEVTYP_T":0},"geometry":{"type":"LineString","coordinates":[[-74.0220040162559,40.1917049146533],[-74.0227672726719,40.1917633136754]]}},{"type":"Feature","id":329999,"properties":{"OBJECTID":329999,"PRIMENAME":"Unnamed Segment","ELEVTYP_F":0,"ELEVTYP_T":0},"geometry":{"type":"LineString","coordinates":[[-74.0415597818135,40.2073859532533],[-74.0416169974865,40.2076547001529],[-74.0419869205708,40.2077048295684],[-74.0421765978062,40.2078150774103],[-74.042276140388,40.2079574135051],[-74.0422696765589,40.2081317717197],[-74.0421624725694,40.2083422312929],[-74.0422029324106,40.2086181620058],[-74.0422854862702,40.208926704078],[-74.0423582843104,40.209113543741],[-74.042394299909,40.2092637363895],[-74.0423453952475,40.2093688587031]]}},{"type":"Feature","id":330305,"properties":{"OBJECTID":330305,"PRIMENAME":"Pittenger Place","ELEVTYP_F":0,"ELEVTYP_T":0},"geometry":{"type":"LineString","coordinates":[[-74.047044352558,40.201149260975],[-74.0470713246981,40.2010612436619],[-74.0472492957675,40.2004800548601]]}},{"type":"Feature","id":330330,"properties":{"OBJECTID":330330,"PRIMENAME":"4th Avenue","ELEVTYP_F":0,"ELEVTYP_T":0},"geometry":{"type":"LineString","coordinates":[[-74.0262851666009,40.2022786705969],[-74.0251379447191,40.2020931402519]]}},{"type":"Feature","id":330734,"properties":{"OBJECTID":330734,"PRIMENAME":"Evergreen Avenue","ELEVTYP_F":0,"ELEVTYP_T":0},"geometry":{"type":"LineString","coordinates":[[-74.0319487237888,40.2014416462466],[-74.0332745833238,40.2016568194767],[-74.0333802612624,40.2016739638056]]}},{"type":"Feature","id":331242,"properties":{"OBJECTID":331242,"PRIMENAME":"Steiner Avenue","ELEVTYP_F":0,"ELEVTYP_T":0},"geometry":{"type":"LineString","coordinates":[[-74.0238103425227,40.1976927736215],[-74.0235835545659,40.1983311839535]]}},{"type":"Feature","id":331269,"properties":{"OBJECTID":331269,"PRIMENAME":"Woodland Avenue","ELEVTYP_F":0,"ELEVTYP_T":0},"geometry":{"type":"LineString","coordinates":[[-74.0310898042641,40.1992049567287],[-74.0324197850131,40.1994180704891],[-74.0324820833136,40.1994278476317]]}},{"type":"Feature","id":331274,"properties":{"OBJECTID":331274,"PRIMENAME":"FR NJ 71 to RT 35 NB","ELEVTYP_F":0,"ELEVTYP_T":0},"geometry":{"type":"LineString","coordinates":[[-74.0234426444394,40.1928029113157],[-74.0236792540468,40.1929275315229],[-74.0237512455821,40.1929797137822],[-74.0237693930548,40.1929928680364],[-74.0237845794479,40.1930038755078],[-74.0238449102362,40.1930476046434],[-74.024194810094,40.1933225818028]]}},{"type":"Feature","id":331907,"properties":{"OBJECTID":331907,"PRIMENAME":"Summit Avenue","ELEVTYP_F":0,"ELEVTYP_T":0},"geometry":{"type":"LineString","coordinates":[[-74.0294149237715,40.199639460799],[-74.0307882868098,40.1998594949713],[-74.0309050155453,40.1998779770164]]}},{"type":"Feature","id":332045,"properties":{"OBJECTID":332045,"PRIMENAME":"Corlies Avenue","ELEVTYP_F":0,"ELEVTYP_T":0},"geometry":{"type":"LineString","coordinates":[[-74.0504526555239,40.206291816061],[-74.0505195042075,40.2062862834192]]}},{"type":"Feature","id":332158,"properties":{"OBJECTID":332158,"PRIMENAME":"Forest Drive","ELEVTYP_F":0,"ELEVTYP_T":0},"geometry":{"type":"LineString","coordinates":[[-74.0488438615683,40.1940429033204],[-74.04896300866,40.1942522548731],[-74.0491903850095,40.1946439281489],[-74.0492222105416,40.1947033228024]]}},{"type":"Feature","id":332971,"properties":{"OBJECTID":332971,"PRIMENAME":"5th Avenue","ELEVTYP_F":0,"ELEVTYP_T":0},"geometry":{"type":"LineString","coordinates":[[-74.0329094439297,40.2043993969393],[-74.0330193857773,40.2044272660045],[-74.033709473904,40.2044109409323],[-74.0338515260398,40.2044082183845]]}},{"type":"Feature","id":334090,"properties":{"OBJECTID":334090,"PRIMENAME":"Greenwood Place","ELEVTYP_F":0,"ELEVTYP_T":0},"geometry":{"type":"LineString","coordinates":[[-74.0524277171251,40.2028141984838],[-74.0524052562929,40.2028921595338],[-74.0521063446584,40.2039300566811],[-74.0517698422608,40.2040526751964],[-74.0516607374856,40.2040924434434]]}},{"type":"Feature","id":334441,"properties":{"OBJECTID":334441,"PRIMENAME":"Union Avenue","ELEVTYP_F":0,"ELEVTYP_T":0},"geometry":{"type":"LineString","coordinates":[[-74.0310898042641,40.1992049567287],[-74.0309050155453,40.1998779770164]]}},{"type":"Feature","id":334719,"properties":{"OBJECTID":334719,"PRIMENAME":"Rosewood Place","ELEVTYP_F":0,"ELEVTYP_T":0},"geometry":{"type":"LineString","coordinates":[[-74.0240373093275,40.1970538690331],[-74.0243069181082,40.1971104254179],[-74.0244053306319,40.1971310688187],[-74.0249379141083,40.1972459758877]]}},{"type":"Feature","id":335348,"properties":{"OBJECTID":335348,"PRIMENAME":"Marine Place","ELEVTYP_F":0,"ELEVTYP_T":0},"geometry":{"type":"LineString","coordinates":[[-74.0214584444639,40.1911478980935],[-74.0214216210823,40.1914244413381],[-74.0214059896406,40.191541846349],[-74.0213906404449,40.1916578528733]]}},{"type":"Feature","id":335505,"properties":{"OBJECTID":335505,"PRIMENAME":"Glenmere Avenue","ELEVTYP_F":0,"ELEVTYP_T":0},"geometry":{"type":"LineString","coordinates":[[-74.0535882973738,40.1918211601752],[-74.0527710853084,40.1916790408035],[-74.0520403036471,40.191546968426],[-74.0494563632352,40.1910799365262],[-74.0493105046839,40.1910507633278]]}},{"type":"Feature","id":336178,"properties":{"OBJECTID":336178,"PRIMENAME":"Hillside Drive","ELEVTYP_F":0,"ELEVTYP_T":0},"geometry":{"type":"LineString","coordinates":[[-74.0488496642465,40.1960844958695],[-74.0491887022019,40.1962224201989],[-74.0492940326991,40.1962752378954],[-74.0493558282277,40.1963231088536],[-74.0494114033556,40.1963805909863],[-74.0494419398539,40.1964616949146],[-74.0494664103643,40.1965237511735],[-74.0494778588699,40.1966763222998],[-74.0494707109108,40.1968097420562],[-74.0495008702396,40.1969480553543],[-74.0495200290611,40.1970119850452]]}},{"type":"Feature","id":337163,"properties":{"OBJECTID":337163,"PRIMENAME":"5th Avenue","ELEVTYP_F":0,"ELEVTYP_T":0},"geometry":{"type":"LineString","coordinates":[[-74.0203495935554,40.1926274529757],[-74.0202863400983,40.1931200752194],[-74.0202828653489,40.1931458390308]]}},{"type":"Feature","id":337327,"properties":{"OBJECTID":337327,"PRIMENAME":"Sylvania Avenue","ELEVTYP_F":0,"ELEVTYP_T":0},"geometry":{"type":"LineString","coordinates":[[-74.0203495935554,40.1926274529757],[-74.0195845729182,40.1925701718423],[-74.0182792626525,40.1924668514979]]}},{"type":"Feature","id":338399,"properties":{"OBJECTID":338399,"PRIMENAME":"Walnut Street","ELEVTYP_F":0,"ELEVTYP_T":0},"geometry":{"type":"LineString","coordinates":[[-74.0472685232677,40.2066048577161],[-74.0474974736807,40.2067535020496],[-74.0478172029401,40.207047833189],[-74.0478250209824,40.2070550303843],[-74.0481216971997,40.2073040307106],[-74.0483627052273,40.2075194584626],[-74.0484615383845,40.2076151595545],[-74.0486094361017,40.2078063665206],[-74.0487758025389,40.2080310557507],[-74.0489296800653,40.2082603903771],[-74.0489574581534,40.2082986150963]]}},{"type":"Feature","id":338847,"properties":{"OBJECTID":338847,"PRIMENAME":"Bennett Road","ELEVTYP_F":0,"ELEVTYP_T":0},"geometry":{"type":"LineString","coordinates":[[-74.0444447363225,40.1985687276795],[-74.0445487925457,40.1985872830051],[-74.0476093565915,40.1991331000387],[-74.0476590608541,40.1991419695632]]}},{"type":"Feature","id":339802,"properties":{"OBJECTID":339802,"PRIMENAME":"Woodland Avenue","ELEVTYP_F":0,"ELEVTYP_T":0},"geometry":{"type":"LineString","coordinates":[[-74.0181512156499,40.1934934587982],[-74.0200153875219,40.1936479921989],[-74.0202132067599,40.1936634166584]]}},{"type":"Feature","id":339833,"properties":{"OBJECTID":339833,"PRIMENAME":"West Sylvania Avenue","ELEVTYP_F":0,"ELEVTYP_T":0},"geometry":{"type":"LineString","coordinates":[[-74.0406640291722,40.2036630740746],[-74.040670151705,40.2036666929567],[-74.0410477578247,40.2038969806468],[-74.0410692968953,40.2039097871529]]}},{"type":"Feature","id":340140,"properties":{"OBJECTID":340140,"PRIMENAME":"Corlies Avenue","ELEVTYP_F":0,"ELEVTYP_T":0},"geometry":{"type":"LineString","coordinates":[[-74.0472685232677,40.2066048577161],[-74.0466337383476,40.2066926306741],[-74.046537928051,40.2067058780737],[-74.0455900576438,40.2068365108699]]}},{"type":"Feature","id":340159,"properties":{"OBJECTID":340159,"PRIMENAME":"Neptune Boulevard","ELEVTYP_F":0,"ELEVTYP_T":0},"geometry":{"type":"LineString","coordinates":[[-74.037083653865,40.2063188970968],[-74.0369295593927,40.2065904236146]]}},{"type":"Feature","id":340210,"properties":{"OBJECTID":340210,"PRIMENAME":"6th Avenue","ELEVTYP_F":0,"ELEVTYP_T":0},"geometry":{"type":"LineString","coordinates":[[-74.0402201591793,40.2068435274001],[-74.0401170563052,40.2068563856514],[-74.039885203734,40.2068853000055],[-74.0396923082815,40.2069084171666],[-74.039474729665,40.2069122739927],[-74.0392448231247,40.2069018056745],[-74.039083396427,40.2068725846742],[-74.0388351561431,40.2068096350831],[-74.0387882149672,40.2067940195373],[-74.0387412726324,40.2067784048685]]}},{"type":"Feature","id":340785,"properties":{"OBJECTID":340785,"PRIMENAME":"Union Avenue","ELEVTYP_F":0,"ELEVTYP_T":0},"geometry":{"type":"LineString","coordinates":[[-74.0296923664745,40.204363169911],[-74.0295429971818,40.2049259763131]]}},{"type":"Feature","id":340997,"properties":{"OBJECTID":340997,"PRIMENAME":"Avondale Avenue","ELEVTYP_F":0,"ELEVTYP_T":0},"geometry":{"type":"LineString","coordinates":[[-74.0324820833136,40.1994278476317],[-74.0323348573572,40.200018252666],[-74.0323125973764,40.200100355532]]}},{"type":"Feature","id":341849,"properties":{"OBJECTID":341849,"PRIMENAME":"Hillside Drive","ELEVTYP_F":0,"ELEVTYP_T":0},"geometry":{"type":"LineString","coordinates":[[-74.0473988608897,40.1971979112541],[-74.0474925516957,40.1970736971005],[-74.0475488185503,40.1970214824498],[-74.0480109439406,40.1966896561643],[-74.0486417114121,40.1962345645098],[-74.0488496642465,40.1960844958695]]}},{"type":"Feature","id":341991,"properties":{"OBJECTID":341991,"PRIMENAME":"Albany Road","ELEVTYP_F":0,"ELEVTYP_T":0},"geometry":{"type":"LineString","coordinates":[[-74.0259536146957,40.1910844190543],[-74.0272785576236,40.1913741358546]]}},{"type":"Feature","id":342452,"properties":{"OBJECTID":342452,"PRIMENAME":"Myron Avenue","ELEVTYP_F":0,"ELEVTYP_T":0},"geometry":{"type":"LineString","coordinates":[[-74.0289162749513,40.1945914789931],[-74.0293422619896,40.1941486161289],[-74.0294141972347,40.1940738256186]]}},{"type":"Feature","id":342927,"properties":{"OBJECTID":342927,"PRIMENAME":"4th Avenue","ELEVTYP_F":0,"ELEVTYP_T":0},"geometry":{"type":"LineString","coordinates":[[-74.0199310363261,40.2012664798821],[-74.0197583933522,40.2012393263241],[-74.0187120069179,40.2010715831297]]}},{"type":"Feature","id":343018,"properties":{"OBJECTID":343018,"PRIMENAME":"North Riverside Drive","ELEVTYP_F":0,"ELEVTYP_T":0},"geometry":{"type":"LineString","coordinates":[[-74.0440895460646,40.1971483311619],[-74.0441020691207,40.1971548040915],[-74.0442197194866,40.197217228365],[-74.0443062686599,40.1972890556301],[-74.0443336262267,40.1973129014961],[-74.0444051451174,40.1973752340571],[-74.0444277307886,40.1974015055511],[-74.0444791759522,40.197461342557],[-74.0445405545843,40.1975711745346],[-74.0445895182568,40.1976905119938],[-74.044619600836,40.197833603403],[-74.0446149610184,40.1978849208946]]}},{"type":"Feature","id":344289,"properties":{"OBJECTID":344289,"PRIMENAME":"West Concourse","ELEVTYP_F":0,"ELEVTYP_T":0},"geometry":{"type":"LineString","coordinates":[[-74.0304441221552,40.1893742191996],[-74.0305020332764,40.1893871644033],[-74.0305701718165,40.1894207954324],[-74.0306194970997,40.1894781793164],[-74.0306205678665,40.1894811180585],[-74.0306438786386,40.1895450155183],[-74.0306372919875,40.1896021726995],[-74.030445530832,40.1901006493736],[-74.0303996313895,40.1901745023158],[-74.0303462279532,40.1902308931257],[-74.0303412172709,40.1902360886091]]}},{"type":"Feature","id":344506,"properties":{"OBJECTID":344506,"PRIMENAME":"Locust Avenue","ELEVTYP_F":0,"ELEVTYP_T":0},"geometry":{"type":"LineString","coordinates":[[-74.037504940445,40.2009644779113],[-74.0374804707245,40.2010564839537],[-74.0371296628589,40.2023753046381],[-74.0369774905536,40.2029452700807]]}},{"type":"Feature","id":344536,"properties":{"OBJECTID":344536,"PRIMENAME":"Bennett Avenue","ELEVTYP_F":0,"ELEVTYP_T":0},"geometry":{"type":"LineString","coordinates":[[-74.0354637767065,40.2037836742687],[-74.0354475298889,40.2038508128128],[-74.0352812632282,40.2045316831351],[-74.0352628458783,40.2046071594692]]}},{"type":"Feature","id":345074,"properties":{"OBJECTID":345074,"PRIMENAME":"West Sylvania Avenue","ELEVTYP_F":0,"ELEVTYP_T":0},"geometry":{"type":"LineString","coordinates":[[-74.0431454587821,40.2047274320411],[-74.0433518906396,40.2047412829079]]}},{"type":"Feature","id":345150,"properties":{"OBJECTID":345150,"PRIMENAME":"Wilson Road","ELEVTYP_F":0,"ELEVTYP_T":0},"geometry":{"type":"LineString","coordinates":[[-74.0443324531548,40.1992603107643],[-74.044432292792,40.1992779444189],[-74.0469217783588,40.1997166337751],[-74.0474540521647,40.1998114780405]]}},{"type":"Feature","id":345284,"properties":{"OBJECTID":345284,"PRIMENAME":"Union Avenue","ELEVTYP_F":0,"ELEVTYP_T":0},"geometry":{"type":"LineString","coordinates":[[-74.0305379891139,40.2012207330368],[-74.0303544759096,40.2018940320724]]}},{"type":"Feature","id":345999,"properties":{"OBJECTID":345999,"PRIMENAME":"Boston Road","ELEVTYP_F":0,"ELEVTYP_T":0},"geometry":{"type":"LineString","coordinates":[[-74.0245946067621,40.1916507118241],[-74.0257925549565,40.1919081617283]]}},{"type":"Feature","id":346009,"properties":{"OBJECTID":346009,"PRIMENAME":"South Riverside Drive","ELEVTYP_F":0,"ELEVTYP_T":0},"geometry":{"type":"LineString","coordinates":[[-74.0538069919828,40.1911042260179],[-74.0532849025096,40.191037589125],[-74.0530054838147,40.1910031558709],[-74.0523472636611,40.1909195724384],[-74.0522230739746,40.1909048164453],[-74.0519747225735,40.1908657236802],[-74.0518274780942,40.1908384325011],[-74.0516820120038,40.1908114704636]]}},{"type":"Feature","id":346314,"properties":{"OBJECTID":346314,"PRIMENAME":"Lorraine Drive","ELEVTYP_F":0,"ELEVTYP_T":0},"geometry":{"type":"LineString","coordinates":[[-74.0473350858057,40.1946160170721],[-74.0473634414958,40.1945185334982],[-74.0473848376273,40.1944449896693]]}},{"type":"Feature","id":346452,"properties":{"OBJECTID":346452,"PRIMENAME":"Tremont Drive","ELEVTYP_F":0,"ELEVTYP_T":0},"geometry":{"type":"LineString","coordinates":[[-74.0408914342068,40.1910095825909],[-74.0409618604138,40.1909226449535],[-74.041400546236,40.1903810681768],[-74.0416135801628,40.1901245438305],[-74.0416601578324,40.1900650188558]]}},{"type":"Feature","id":346487,"properties":{"OBJECTID":346487,"PRIMENAME":"Melrose Avenue","ELEVTYP_F":0,"ELEVTYP_T":0},"geometry":{"type":"LineString","coordinates":[[-74.039018503728,40.1918139698902],[-74.0391156117852,40.1918313216495],[-74.0413254367509,40.1922261374791],[-74.0413985549643,40.1922391924239]]}},{"type":"Feature","id":346963,"properties":{"OBJECTID":346963,"PRIMENAME":"West Sylvania Avenue","ELEVTYP_F":0,"ELEVTYP_T":0},"geometry":{"type":"LineString","coordinates":[[-74.0316838194036,40.1983720888229],[-74.0321401902146,40.1985768425264],[-74.0326415450754,40.1988017764153],[-74.032660889041,40.1988105018811]]}},{"type":"Feature","id":347063,"properties":{"OBJECTID":347063,"PRIMENAME":"Unnamed Segment","ELEVTYP_F":0,"ELEVTYP_T":0},"geometry":{"type":"LineString","coordinates":[[-74.026689753219,40.2013111630432],[-74.0266484552738,40.2014253040657],[-74.0262851666009,40.2022786705969]]}},{"type":"Feature","id":347585,"properties":{"OBJECTID":347585,"PRIMENAME":"Tucker Drive","ELEVTYP_F":0,"ELEVTYP_T":0},"geometry":{"type":"LineString","coordinates":[[-74.0362266648251,40.200380965486],[-74.0362859668347,40.2003105947191],[-74.0370817514936,40.1993653204332],[-74.0376832906305,40.198652830445],[-74.037802264619,40.1985198310086],[-74.0378772266677,40.198467723648],[-74.037970740441,40.1984251878925],[-74.0381203067157,40.1983686018309],[-74.0385125910017,40.198260547964],[-74.0386494400264,40.1982420135443],[-74.0387738072006,40.1982425091171],[-74.0388978425452,40.1982763858268],[-74.0390650547044,40.1983628409629],[-74.0391235261612,40.1983931067483]]}},{"type":"Feature","id":347893,"properties":{"OBJECTID":347893,"PRIMENAME":"West Sylvania Avenue","ELEVTYP_F":0,"ELEVTYP_T":0},"geometry":{"type":"LineString","coordinates":[[-74.0383192205987,40.2013394093662],[-74.0383982474509,40.2013747265009],[-74.038503473383,40.2014323298248],[-74.0385776346426,40.2015041119332],[-74.0386886738416,40.2016284754842],[-74.0387280380826,40.2016788431064]]}},{"type":"Feature","id":348763,"properties":{"OBJECTID":348763,"PRIMENAME":"West Sylvania Avenue","ELEVTYP_F":0,"ELEVTYP_T":0},"geometry":{"type":"LineString","coordinates":[[-74.0482633363644,40.2050385643521],[-74.0483127108952,40.2050503432837],[-74.0485484273246,40.2051180000018],[-74.0490835200491,40.2052617957484],[-74.0490882889847,40.2052630770689],[-74.0500127184204,40.2055287648451],[-74.050367689781,40.2056291687158]]}},{"type":"Feature","id":349497,"properties":{"OBJECTID":349497,"PRIMENAME":"State Highway 35","ELEVTYP_F":0,"ELEVTYP_T":0},"geometry":{"type":"LineString","coordinates":[[-74.0263998457023,40.2054836232273],[-74.0261034564703,40.2063063169227],[-74.026035289836,40.2064957348312]]}},{"type":"Feature","id":349665,"properties":{"OBJECTID":349665,"PRIMENAME":"State Highway 35","ELEVTYP_F":0,"ELEVTYP_T":0},"geometry":{"type":"LineString","coordinates":[[-74.0266446935434,40.1955248805593],[-74.0266936795273,40.1955693895291]]}},{"type":"Feature","id":350188,"properties":{"OBJECTID":350188,"PRIMENAME":"State Highway 35","ELEVTYP_F":1,"ELEVTYP_T":0},"geometry":{"type":"LineString","coordinates":[[-74.0243044862108,40.1909260059884],[-74.0243059143772,40.1909880269409]]}},{"type":"Feature","id":350980,"properties":{"OBJECTID":350980,"PRIMENAME":"Memorial Drive","ELEVTYP_F":0,"ELEVTYP_T":0},"geometry":{"type":"LineString","coordinates":[[-74.0233623062007,40.1921803673648],[-74.0233727348186,40.1921529298091],[-74.0233711963232,40.1920784358585],[-74.0233704081829,40.1920403646875],[-74.023480212316,40.1917302657931]]}},{"type":"Feature","id":352432,"properties":{"OBJECTID":352432,"PRIMENAME":"State Highway 35","ELEVTYP_F":0,"ELEVTYP_T":0},"geometry":{"type":"LineString","coordinates":[[-74.0274126428981,40.2007248777572],[-74.0273395799195,40.2008423236263],[-74.027287656261,40.2009314971611],[-74.0272497416705,40.2010242693314],[-74.0272069381925,40.2011456278145],[-74.0271640859675,40.2012741500375],[-74.0271450616178,40.2013842670382]]}},{"type":"Feature","id":352458,"properties":{"OBJECTID":352458,"PRIMENAME":"Main Street","ELEVTYP_F":0,"ELEVTYP_T":0},"geometry":{"type":"LineString","coordinates":[[-74.020624259799,40.1957706522901],[-74.0207011900405,40.1956744752871],[-74.0207481222723,40.1955473718859]]}},{"type":"Feature","id":352701,"properties":{"OBJECTID":352701,"PRIMENAME":"Main Street","ELEVTYP_F":0,"ELEVTYP_T":0},"geometry":{"type":"LineString","coordinates":[[-74.0215957422066,40.1927350629276],[-74.0214311486665,40.1932283928142]]}},{"type":"Feature","id":352723,"properties":{"OBJECTID":352723,"PRIMENAME":"Main Street","ELEVTYP_F":0,"ELEVTYP_T":0},"geometry":{"type":"LineString","coordinates":[[-74.0210193358209,40.1947793265385],[-74.0211812456587,40.1942612519565]]}},{"type":"Feature","id":352830,"properties":{"OBJECTID":352830,"PRIMENAME":"Main Street","ELEVTYP_F":0,"ELEVTYP_T":0},"geometry":{"type":"LineString","coordinates":[[-74.0207481222723,40.1955473718859],[-74.0207794448798,40.1954586734484],[-74.0210193358209,40.1947793265385]]}},{"type":"Feature","id":352831,"properties":{"OBJECTID":352831,"PRIMENAME":"State Highway 35","ELEVTYP_F":0,"ELEVTYP_T":0},"geometry":{"type":"LineString","coordinates":[[-74.0283375090242,40.1973880807235],[-74.0284998242518,40.197608652351],[-74.0286036401909,40.1976970178688]]}},{"type":"Feature","id":353351,"properties":{"OBJECTID":353351,"PRIMENAME":"Main Street","ELEVTYP_F":0,"ELEVTYP_T":0},"geometry":{"type":"LineString","coordinates":[[-74.0211042161508,40.194239630575],[-74.0209287311946,40.1947688496607]]}},{"type":"Feature","id":353929,"properties":{"OBJECTID":353929,"PRIMENAME":"State Highway 35","ELEVTYP_F":0,"ELEVTYP_T":0},"geometry":{"type":"LineString","coordinates":[[-74.0271185157008,40.1959601837255],[-74.0272066069066,40.1960442468055]]}},{"type":"Feature","id":354146,"properties":{"OBJECTID":354146,"PRIMENAME":"Main Street","ELEVTYP_F":0,"ELEVTYP_T":0},"geometry":{"type":"LineString","coordinates":[[-74.0222080903915,40.1910833240091],[-74.0223261986742,40.1906884114381]]}},{"type":"Feature","id":354233,"properties":{"OBJECTID":354233,"PRIMENAME":"State Highway 35","ELEVTYP_F":0,"ELEVTYP_T":0},"geometry":{"type":"LineString","coordinates":[[-74.024194810094,40.1933225818028],[-74.0242358794389,40.1933623640688],[-74.0243230160269,40.193443726124],[-74.0243324769565,40.1934525600867],[-74.0244396722094,40.193552652039],[-74.0244757851213,40.1935845905975]]}},{"type":"Feature","id":354260,"properties":{"OBJECTID":354260,"PRIMENAME":"Laird Street","ELEVTYP_F":0,"ELEVTYP_T":0},"geometry":{"type":"LineString","coordinates":[[-74.0213568076897,40.1937655369499],[-74.0222506669475,40.1939432395611],[-74.0223051805132,40.1939544725629]]}},{"type":"Feature","id":354721,"properties":{"OBJECTID":354721,"PRIMENAME":"State Highway 35","ELEVTYP_F":0,"ELEVTYP_T":0},"geometry":{"type":"LineString","coordinates":[[-74.0245143381693,40.1890944316582],[-74.0244420038903,40.1893129482262],[-74.0243698239252,40.1895309943209],[-74.0243596467399,40.1895634083436],[-74.0243317120432,40.1896523703588],[-74.0243077608756,40.189745199121],[-74.0242930653727,40.1898452307815],[-74.0242877132002,40.1899453017327],[-74.0242861399155,40.1901704892992],[-74.0242902295686,40.1903254285469]]}},{"type":"Feature","id":355322,"properties":{"OBJECTID":355322,"PRIMENAME":"State Highway 35","ELEVTYP_F":0,"ELEVTYP_T":0},"geometry":{"type":"LineString","coordinates":[[-74.0270277779448,40.2037347201367],[-74.0269972759077,40.2038149733831],[-74.0269346964533,40.2039964266702],[-74.0269258767005,40.2040220039697],[-74.0267579279067,40.2044844697199]]}},{"type":"Feature","id":355380,"properties":{"OBJECTID":355380,"PRIMENAME":"State Highway 35","ELEVTYP_F":0,"ELEVTYP_T":0},"geometry":{"type":"LineString","coordinates":[[-74.026697734205,40.204650201454],[-74.0265114497025,40.2051716696622],[-74.0264172233745,40.2054354326658],[-74.0263998457023,40.2054836232273]]}},{"type":"Feature","id":357186,"properties":{"OBJECTID":357186,"PRIMENAME":"State Highway 35","ELEVTYP_F":0,"ELEVTYP_T":0},"geometry":{"type":"LineString","coordinates":[[-74.0281870621681,40.199445726697],[-74.0278105660982,40.2000716748392]]}},{"type":"Feature","id":357542,"properties":{"OBJECTID":357542,"PRIMENAME":"Main Street","ELEVTYP_F":0,"ELEVTYP_T":0},"geometry":{"type":"LineString","coordinates":[[-74.0212645052458,40.193753338431],[-74.0211042161508,40.194239630575]]}},{"type":"Feature","id":363278,"properties":{"OBJECTID":363278,"PRIMENAME":"State Highway 35","ELEVTYP_F":0,"ELEVTYP_T":0},"geometry":{"type":"LineString","coordinates":[[-74.0244013549834,40.1934008192033],[-74.0243332875148,40.1933365457034],[-74.0242737177742,40.1932802987705],[-74.0242043065009,40.1932085269583],[-74.0241812019644,40.193178325142],[-74.0241469804619,40.1931335929741],[-74.0241120906926,40.1930651748054],[-74.0240846681831,40.1929935755172],[-74.024062053282,40.1928898211809],[-74.0240582883711,40.1927575389038],[-74.0240776890436,40.19265038882],[-74.0240968887227,40.1925718163178],[-74.0241489231199,40.1924612589133],[-74.0242858399679,40.1922115357733],[-74.0243418601966,40.1921095051303],[-74.0244463939083,40.191919111286],[-74.0245946067621,40.1916507118241]]}},{"type":"Feature","id":363318,"properties":{"OBJECTID":363318,"PRIMENAME":"Main Street","ELEVTYP_F":0,"ELEVTYP_T":0},"geometry":{"type":"LineString","coordinates":[[-74.0223261986742,40.1906884114381],[-74.0224738543917,40.1902756935609]]}},{"type":"Feature","id":364274,"properties":{"OBJECTID":364274,"PRIMENAME":"State Highway 35","ELEVTYP_F":0,"ELEVTYP_T":0},"geometry":{"type":"LineString","coordinates":[[-74.0271230836502,40.2024141703368],[-74.027123994606,40.2030147547569],[-74.0271171186998,40.2033293057258],[-74.0271164976423,40.2034186887039],[-74.0271085282977,40.2034733693456]]}},{"type":"Feature","id":365092,"properties":{"OBJECTID":365092,"PRIMENAME":"State Highway 35","ELEVTYP_F":0,"ELEVTYP_T":0},"geometry":{"type":"LineString","coordinates":[[-74.0251072372684,40.1941016993603],[-74.0254821313906,40.1944541908087],[-74.0258155936846,40.1947629168777],[-74.0259853401998,40.1949135860692]]}},{"type":"Feature","id":366201,"properties":{"OBJECTID":366201,"PRIMENAME":"State Highway 35","ELEVTYP_F":0,"ELEVTYP_T":0},"geometry":{"type":"LineString","coordinates":[[-74.0286069685568,40.1986970750756],[-74.0285268053531,40.1988468423367],[-74.0284951117163,40.1989060550575],[-74.0282950140459,40.199262703857]]}},{"type":"Feature","id":366913,"properties":{"OBJECTID":366913,"PRIMENAME":"State Highway 35","ELEVTYP_F":0,"ELEVTYP_T":0},"geometry":{"type":"LineString","coordinates":[[-74.0245946067621,40.1916507118241],[-74.0247070451504,40.191437976519],[-74.0247571972608,40.1913430864373]]}},{"type":"Feature","id":367378,"properties":{"OBJECTID":367378,"PRIMENAME":"State Highway 35","ELEVTYP_F":0,"ELEVTYP_T":0},"geometry":{"type":"LineString","coordinates":[[-74.026035289836,40.2064957348312],[-74.0259608427732,40.206702532474],[-74.0259133792817,40.2068238703665],[-74.0258941277861,40.2069095805927],[-74.0258796650028,40.2069810356672]]}},{"type":"Feature","id":370307,"properties":{"OBJECTID":370307,"PRIMENAME":"Main Street","ELEVTYP_F":0,"ELEVTYP_T":0},"geometry":{"type":"LineString","coordinates":[[-74.0213568076897,40.1937655369499],[-74.0215136510385,40.193250393268]]}},{"type":"Feature","id":372244,"properties":{"OBJECTID":372244,"PRIMENAME":"Main Street","ELEVTYP_F":0,"ELEVTYP_T":0},"geometry":{"type":"LineString","coordinates":[[-74.0211812456587,40.1942612519565],[-74.0213568076897,40.1937655369499]]}},{"type":"Feature","id":372347,"properties":{"OBJECTID":372347,"PRIMENAME":"Corlies Avenue","ELEVTYP_F":0,"ELEVTYP_T":0},"geometry":{"type":"LineString","coordinates":[[-74.0504559000072,40.2061909955828],[-74.050098249542,40.2062336400197],[-74.0495570647788,40.206292288517],[-74.0490459880053,40.2063693426489],[-74.0485863182577,40.2064386438582]]}},{"type":"Feature","id":373540,"properties":{"OBJECTID":373540,"PRIMENAME":"State Highway 35","ELEVTYP_F":0,"ELEVTYP_T":0},"geometry":{"type":"LineString","coordinates":[[-74.0244757851213,40.1935845905975],[-74.0246063946239,40.1936999063006],[-74.0247555230041,40.19381954276],[-74.0250177652705,40.1940299232067],[-74.0251072372684,40.1941016993603]]}},{"type":"Feature","id":373606,"properties":{"OBJECTID":373606,"PRIMENAME":"T F H Way","ELEVTYP_F":0,"ELEVTYP_T":0},"geometry":{"type":"LineString","coordinates":[[-74.0392795089492,40.2023761666027],[-74.0394115671862,40.202267622331],[-74.0394865615691,40.2022059606493],[-74.0395867608192,40.2020967409189],[-74.0398248781359,40.2018117139136],[-74.0399188141458,40.2017072182416],[-74.0399625774409,40.2016788146879],[-74.0400309875039,40.2016695601046],[-74.0401054653717,40.2016841587135],[-74.0408504848054,40.2018157863835],[-74.0421291928347,40.2020521153476],[-74.0421736405922,40.2020603296576],[-74.0422472661895,40.2020739372806]]}},{"type":"Feature","id":375048,"properties":{"OBJECTID":375048,"PRIMENAME":"Main Street","ELEVTYP_F":0,"ELEVTYP_T":0},"geometry":{"type":"LineString","coordinates":[[-74.0222436861994,40.1906834856149],[-74.0221224409919,40.1910764919335]]}},{"type":"Feature","id":377534,"properties":{"OBJECTID":377534,"PRIMENAME":"State Highway 35","ELEVTYP_F":0,"ELEVTYP_T":0},"geometry":{"type":"LineString","coordinates":[[-74.0287713790198,40.1980310583026],[-74.0287894040918,40.1981423144886],[-74.0287926908487,40.1982199758811],[-74.0287774482731,40.1983219953351],[-74.0287532367779,40.1984284140947],[-74.0287168685282,40.1985173508105],[-74.0286069685568,40.1986970750756]]}},{"type":"Feature","id":379357,"properties":{"OBJECTID":379357,"PRIMENAME":"FR CO 40 A SB TO NJ 35 SB","ELEVTYP_F":0,"ELEVTYP_T":0},"geometry":{"type":"LineString","coordinates":[[-74.0232122705191,40.1925750395259],[-74.0234528783658,40.1920618151187],[-74.0234903818422,40.1919680525153]]}},{"type":"Feature","id":379383,"properties":{"OBJECTID":379383,"PRIMENAME":"Main Street","ELEVTYP_F":0,"ELEVTYP_T":0},"geometry":{"type":"LineString","coordinates":[[-74.0221224409919,40.1910764919335],[-74.0220091545203,40.1914268686852],[-74.0219212974795,40.1916985889991]]}},{"type":"Feature","id":379540,"properties":{"OBJECTID":379540,"PRIMENAME":"State Highway 35","ELEVTYP_F":0,"ELEVTYP_T":0},"geometry":{"type":"LineString","coordinates":[[-74.0250051086353,40.190753015125],[-74.0250487212008,40.1906255449695],[-74.0250663338197,40.1905740616777],[-74.0251472703095,40.190327732073],[-74.02518369368,40.1902208118967],[-74.0252044261078,40.1901599563393],[-74.0252181145708,40.1901029411905],[-74.0252228039502,40.1900866140668],[-74.0252951915741,40.1898346029427]]}},{"type":"Feature","id":379846,"properties":{"OBJECTID":379846,"PRIMENAME":"State Highway 35","ELEVTYP_F":0,"ELEVTYP_T":1},"geometry":{"type":"LineString","coordinates":[[-74.0242902295686,40.1903254285469],[-74.0242934979065,40.1904493280492],[-74.0242970622871,40.190604314668],[-74.0242995386141,40.1907119753396],[-74.0243023938525,40.1908361721602]]}},{"type":"Feature","id":379985,"properties":{"OBJECTID":379985,"PRIMENAME":"Main Street","ELEVTYP_F":0,"ELEVTYP_T":0},"geometry":{"type":"LineString","coordinates":[[-74.0224738543917,40.1902756935609],[-74.0226622334791,40.1896604329037]]}},{"type":"Feature","id":380717,"properties":{"OBJECTID":380717,"PRIMENAME":"State Highway 35","ELEVTYP_F":0,"ELEVTYP_T":0},"geometry":{"type":"LineString","coordinates":[[-74.0278078115884,40.19669085661],[-74.0278336616302,40.19672204792],[-74.0279377725834,40.1968476662356],[-74.028080303512,40.1970406439926],[-74.0283375090242,40.1973880807235]]}},{"type":"Feature","id":381334,"properties":{"OBJECTID":381334,"PRIMENAME":"State Highway 35","ELEVTYP_F":0,"ELEVTYP_T":0},"geometry":{"type":"LineString","coordinates":[[-74.0258796650028,40.2069810356672],[-74.0258885261804,40.2070453934984],[-74.0258966616209,40.2070709401729],[-74.0259113368909,40.207117028252],[-74.0259342216355,40.2071778741459],[-74.026007781317,40.2073247175128],[-74.0261331086265,40.2075599774267]]}},{"type":"Feature","id":381713,"properties":{"OBJECTID":381713,"PRIMENAME":"Main Street","ELEVTYP_F":0,"ELEVTYP_T":0},"geometry":{"type":"LineString","coordinates":[[-74.0223839507161,40.1902682397782],[-74.0222436861994,40.1906834856149]]}},{"type":"Feature","id":382008,"properties":{"OBJECTID":382008,"PRIMENAME":"Windsor Avenue","ELEVTYP_F":0,"ELEVTYP_T":0},"geometry":{"type":"LineString","coordinates":[[-74.0306829452646,40.1955670734577],[-74.0310652583873,40.1951614556885]]}},{"type":"Feature","id":382327,"properties":{"OBJECTID":382327,"PRIMENAME":"Woodland Avenue","ELEVTYP_F":0,"ELEVTYP_T":0},"geometry":{"type":"LineString","coordinates":[[-74.0212645052458,40.193753338431],[-74.0213568076897,40.1937655369499]]}},{"type":"Feature","id":382547,"properties":{"OBJECTID":382547,"PRIMENAME":"Main Street","ELEVTYP_F":0,"ELEVTYP_T":0},"geometry":{"type":"LineString","coordinates":[[-74.0225799469407,40.1896541095042],[-74.0223839507161,40.1902682397782]]}},{"type":"Feature","id":382787,"properties":{"OBJECTID":382787,"PRIMENAME":"Main Street","ELEVTYP_F":0,"ELEVTYP_T":0},"geometry":{"type":"LineString","coordinates":[[-74.0214311486665,40.1932283928142],[-74.0212645052458,40.193753338431]]}},{"type":"Feature","id":382826,"properties":{"OBJECTID":382826,"PRIMENAME":"State Highway 35","ELEVTYP_F":0,"ELEVTYP_T":0},"geometry":{"type":"LineString","coordinates":[[-74.0272066069066,40.1960442468055],[-74.0273230484475,40.1962077155455],[-74.0275903868071,40.1964598490632],[-74.0276720299087,40.196548988691]]}},{"type":"Feature","id":383294,"properties":{"OBJECTID":383294,"PRIMENAME":"State Highway 35","ELEVTYP_F":0,"ELEVTYP_T":0},"geometry":{"type":"LineString","coordinates":[[-74.0286906395272,40.1978314752788],[-74.0286982164239,40.1978452360031],[-74.0287442436382,40.1979348089853],[-74.0287713790198,40.1980310583026],[-74.0287715198425,40.1980314155428]]}},{"type":"Feature","id":385562,"properties":{"OBJECTID":385562,"PRIMENAME":"State Highway 35","ELEVTYP_F":0,"ELEVTYP_T":0},"geometry":{"type":"LineString","coordinates":[[-74.0259853401998,40.1949135860692],[-74.0264778853594,40.1953733191866],[-74.0266446935434,40.1955248805593]]}},{"type":"Feature","id":386705,"properties":{"OBJECTID":386705,"PRIMENAME":"Morris Avenue","ELEVTYP_F":0,"ELEVTYP_T":0},"geometry":{"type":"LineString","coordinates":[[-74.0290677563171,40.1980044821693],[-74.029018263753,40.1980274506617],[-74.0289660826876,40.1980356389393],[-74.0289276543258,40.1980375694322],[-74.0288755446505,40.19803527051],[-74.0287713790198,40.1980310583026]]}},{"type":"Feature","id":387637,"properties":{"OBJECTID":387637,"PRIMENAME":"State Highway 35","ELEVTYP_F":0,"ELEVTYP_T":0},"geometry":{"type":"LineString","coordinates":[[-74.0271085282977,40.2034733693456],[-74.027101875941,40.203518720789],[-74.0270732436671,40.2036151001448],[-74.0270277779448,40.2037347201367]]}},{"type":"Feature","id":391194,"properties":{"OBJECTID":391194,"PRIMENAME":"State Highway 35","ELEVTYP_F":1,"ELEVTYP_T":1},"geometry":{"type":"LineString","coordinates":[[-74.0243023938525,40.1908361721602],[-74.0243044862108,40.1909260059884]]}},{"type":"Feature","id":396138,"properties":{"OBJECTID":396138,"PRIMENAME":"Main Street","ELEVTYP_F":0,"ELEVTYP_T":0},"geometry":{"type":"LineString","coordinates":[[-74.020676620383,40.1954981548285],[-74.0206190352134,40.195663620642],[-74.020624259799,40.1957706522901]]}},{"type":"Feature","id":396350,"properties":{"OBJECTID":396350,"PRIMENAME":"State Highway 35","ELEVTYP_F":0,"ELEVTYP_T":0},"geometry":{"type":"LineString","coordinates":[[-74.0286036401909,40.1976970178688],[-74.0286440812993,40.1977638207194],[-74.0286977508431,40.197862436083]]}},{"type":"Feature","id":396436,"properties":{"OBJECTID":396436,"PRIMENAME":"Main Street","ELEVTYP_F":0,"ELEVTYP_T":0},"geometry":{"type":"LineString","coordinates":[[-74.0209287311946,40.1947688496607],[-74.020676620383,40.1954981548285]]}},{"type":"Feature","id":396658,"properties":{"OBJECTID":396658,"PRIMENAME":"State Highway 35","ELEVTYP_F":0,"ELEVTYP_T":0},"geometry":{"type":"LineString","coordinates":[[-74.0251072372684,40.1941016993603],[-74.02503153778,40.1940217727665],[-74.0248155174713,40.1937936919857],[-74.0248072456831,40.1937857708241],[-74.0245793605354,40.1935675284999],[-74.0245565965361,40.1935462079104],[-74.0244013549834,40.1934008192033]]}},{"type":"Feature","id":397167,"properties":{"OBJECTID":397167,"PRIMENAME":"Bay Breeze Way","ELEVTYP_F":1,"ELEVTYP_T":0},"geometry":{"type":"LineString","coordinates":[[-74.0310652583873,40.1951614556885],[-74.0314010955335,40.1948051522854]]}},{"type":"Feature","id":397282,"properties":{"OBJECTID":397282,"PRIMENAME":"West Wall Street","ELEVTYP_F":0,"ELEVTYP_T":0},"geometry":{"type":"LineString","coordinates":[[-74.0256870508965,40.197654055651],[-74.0256882564303,40.1976558457264],[-74.0257687228387,40.197703832758],[-74.0258426175331,40.1977496591195],[-74.025861545871,40.1977613967736],[-74.0263944083263,40.1980018666606],[-74.0266023007293,40.1981049227847]]}},{"type":"Feature","id":397322,"properties":{"OBJECTID":397322,"PRIMENAME":"Main Street","ELEVTYP_F":0,"ELEVTYP_T":0},"geometry":{"type":"LineString","coordinates":[[-74.0219212974795,40.1916985889991],[-74.0215957422066,40.1927350629276]]}},{"type":"Feature","id":397512,"properties":{"OBJECTID":397512,"PRIMENAME":"Main Street","ELEVTYP_F":0,"ELEVTYP_T":0},"geometry":{"type":"LineString","coordinates":[[-74.0220040162559,40.1917049146533],[-74.0220951857007,40.1914272238658],[-74.0222080903915,40.1910833240091]]}},{"type":"Feature","id":397692,"properties":{"OBJECTID":397692,"PRIMENAME":"Garfield Avenue","ELEVTYP_F":0,"ELEVTYP_T":0},"geometry":{"type":"LineString","coordinates":[[-74.0219212974795,40.1916985889991],[-74.0220040162559,40.1917049146533]]}},{"type":"Feature","id":397791,"properties":{"OBJECTID":397791,"PRIMENAME":"Windsor Terrace","ELEVTYP_F":0,"ELEVTYP_T":0},"geometry":{"type":"LineString","coordinates":[[-74.0310652583873,40.1951614556885],[-74.03112475112,40.195228231297],[-74.031836771019,40.1956219282602]]}},{"type":"Feature","id":397818,"properties":{"OBJECTID":397818,"PRIMENAME":"Corlies Avenue","ELEVTYP_F":0,"ELEVTYP_T":0},"geometry":{"type":"LineString","coordinates":[[-74.0521081359126,40.2061386240733],[-74.0519217704089,40.2061334553121],[-74.0518706125071,40.2061320143489]]}},{"type":"Feature","id":397849,"properties":{"OBJECTID":397849,"PRIMENAME":"State Highway 35","ELEVTYP_F":0,"ELEVTYP_T":0},"geometry":{"type":"LineString","coordinates":[[-74.0247571972608,40.1913430864373],[-74.0248153753491,40.1912242992398],[-74.0248384327795,40.191177221923],[-74.0249189455809,40.1909916701258],[-74.0249614562135,40.1908772525744],[-74.024975966326,40.190838196693],[-74.0250051086353,40.190753015125]]}},{"type":"Feature","id":397969,"properties":{"OBJECTID":397969,"PRIMENAME":"Memorial Drive","ELEVTYP_F":0,"ELEVTYP_T":0},"geometry":{"type":"LineString","coordinates":[[-74.023480212316,40.1917302657931],[-74.023585074399,40.1914341213122],[-74.0235853415855,40.1914333658448],[-74.0236352802348,40.1912923274861],[-74.0237429672224,40.1909919018441],[-74.0239528895762,40.1904062519037],[-74.0240646257885,40.1900945228761],[-74.0241237957085,40.1899595315265]]}},{"type":"Feature","id":398122,"properties":{"OBJECTID":398122,"PRIMENAME":"Main Street","ELEVTYP_F":0,"ELEVTYP_T":0},"geometry":{"type":"LineString","coordinates":[[-74.0215136510385,40.193250393268],[-74.0216783950862,40.192750942901]]}},{"type":"Feature","id":398145,"properties":{"OBJECTID":398145,"PRIMENAME":"State Highway 35","ELEVTYP_F":0,"ELEVTYP_T":0},"geometry":{"type":"LineString","coordinates":[[-74.0271450616178,40.2013842670382],[-74.0271439803779,40.2013904394408],[-74.0271345242425,40.2014992228944],[-74.0271333819993,40.2016636316774],[-74.0271320694711,40.2017392738838],[-74.0271255626044,40.2021140139331],[-74.0271230836502,40.2024141703368]]}},{"type":"Feature","id":398276,"properties":{"OBJECTID":398276,"PRIMENAME":"Memorial Drive","ELEVTYP_F":0,"ELEVTYP_T":0},"geometry":{"type":"LineString","coordinates":[[-74.0232122705191,40.1925750395259],[-74.0233623062007,40.1921803673648]]}},{"type":"Feature","id":398486,"properties":{"OBJECTID":398486,"PRIMENAME":"State Highway 35","ELEVTYP_F":0,"ELEVTYP_T":0},"geometry":{"type":"LineString","coordinates":[[-74.0282950140459,40.199262703857],[-74.0282449958348,40.1993518549909],[-74.0281870621681,40.199445726697]]}},{"type":"Feature","id":398902,"properties":{"OBJECTID":398902,"PRIMENAME":"State Highway 35","ELEVTYP_F":0,"ELEVTYP_T":0},"geometry":{"type":"LineString","coordinates":[[-74.0243059143772,40.1909880269409],[-74.0243078030309,40.1910713813738],[-74.0243094918861,40.1911814850343],[-74.0243134048837,40.1914363597295],[-74.024314223658,40.1914896209092],[-74.0243134745154,40.1915968476955],[-74.0243093769072,40.1916822382665],[-74.0243079858778,40.1917112207755],[-74.0242932264006,40.1918255548572],[-74.0242691483389,40.1919362551472],[-74.0242310995994,40.1920433286406],[-74.0241884962761,40.1921361077023],[-74.0241411898862,40.1922360061641],[-74.0240750836556,40.192357266984],[-74.0240325311814,40.192442881323],[-74.0239852483214,40.1925391825164],[-74.0239566673052,40.1926284506666],[-74.0239374415048,40.1927105653912],[-74.023932338475,40.192774893119],[-74.023936416666,40.1928571306922],[-74.0239542931244,40.1929680025155],[-74.0239954963727,40.193075429698],[-74.0240461085222,40.1931685649114],[-74.0240916617533,40.1932184379098],[-74.0241247622771,40.1932546775266],[-74.024194810094,40.1933225818028]]}},{"type":"Feature","id":400391,"properties":{"OBJECTID":400391,"PRIMENAME":"State Highway 35","ELEVTYP_F":0,"ELEVTYP_T":0},"geometry":{"type":"LineString","coordinates":[[-74.0278105660982,40.2000716748392],[-74.0277309204758,40.2002040831328],[-74.0274527234457,40.2006604729812],[-74.0274126428981,40.2007248777572]]}},{"type":"Feature","id":400721,"properties":{"OBJECTID":400721,"PRIMENAME":"Corlies Avenue","ELEVTYP_F":0,"ELEVTYP_T":0},"geometry":{"type":"LineString","coordinates":[[-74.0518706125071,40.2061320143489],[-74.0518103359692,40.2061303155917],[-74.0517503612762,40.2061286251774],[-74.0516281181404,40.2061251804301],[-74.0514703900089,40.20612741011],[-74.0513351264888,40.2061293222449],[-74.0512318294063,40.2061307826227],[-74.0507700450854,40.2061647346887],[-74.0504749594638,40.2061893943458]]}},{"type":"Feature","id":400827,"properties":{"OBJECTID":400827,"PRIMENAME":"Riverview Avenue","ELEVTYP_F":0,"ELEVTYP_T":0},"geometry":{"type":"LineString","coordinates":[[-74.0294141972347,40.1940738256186],[-74.0294235151571,40.1940774598896],[-74.0295165044614,40.1941159697104],[-74.029609687917,40.194121125558],[-74.0297464309658,40.1941169039249],[-74.0298771468146,40.1940888294029],[-74.029982784272,40.1940892583461],[-74.0300821970419,40.1940944382039],[-74.030206288625,40.1941235481815],[-74.0303054738198,40.1941668308699],[-74.0303920993712,40.1942196168831],[-74.0304661760623,40.1942961810863],[-74.0305647312388,40.1944205019065],[-74.0310326130147,40.1950658051018],[-74.0310652583873,40.1951614556885]]}},{"type":"Feature","id":401309,"properties":{"OBJECTID":401309,"PRIMENAME":"FR RT 33 EB to CO 17","ELEVTYP_F":0,"ELEVTYP_T":0},"geometry":{"type":"LineString","coordinates":[[-74.0521081359126,40.2061386240733],[-74.0520826468883,40.2061310106496],[-74.0520573036921,40.2061231162272],[-74.0520321115933,40.2061149424477],[-74.0520070758297,40.2061064910105],[-74.0519822016066,40.2060977636728],[-74.0519574940959,40.2060887622492],[-74.0519329584344,40.2060794886112],[-74.0519085997236,40.2060699446869]]}},{"type":"Feature","id":401331,"properties":{"OBJECTID":401331,"PRIMENAME":"Morris Avenue","ELEVTYP_F":0,"ELEVTYP_T":0},"geometry":{"type":"LineString","coordinates":[[-74.0291518495192,40.197916893221],[-74.0291479423616,40.1979227524266],[-74.0291064236588,40.1979730960548],[-74.0290677563171,40.1980044821693]]}},{"type":"Feature","id":401505,"properties":{"OBJECTID":401505,"PRIMENAME":"State Highway 35","ELEVTYP_F":0,"ELEVTYP_T":0},"geometry":{"type":"LineString","coordinates":[[-74.0267579279067,40.2044844697199],[-74.026697734205,40.204650201454]]}},{"type":"Feature","id":401534,"properties":{"OBJECTID":401534,"PRIMENAME":"State Highway 35","ELEVTYP_F":0,"ELEVTYP_T":0},"geometry":{"type":"LineString","coordinates":[[-74.0266936795273,40.1955693895291],[-74.026930566139,40.1957846669783],[-74.027015274159,40.1958616469869],[-74.0271185157008,40.1959601837255]]}},{"type":"Feature","id":401824,"properties":{"OBJECTID":401824,"PRIMENAME":"Corlies Avenue","ELEVTYP_F":0,"ELEVTYP_T":0},"geometry":{"type":"LineString","coordinates":[[-74.0504749594638,40.2061893943458],[-74.0504559000072,40.2061909955828]]}},{"type":"Feature","id":401832,"properties":{"OBJECTID":401832,"PRIMENAME":"Main Street","ELEVTYP_F":0,"ELEVTYP_T":0},"geometry":{"type":"LineString","coordinates":[[-74.0216783950862,40.192750942901],[-74.0220040162559,40.1917049146533]]}},{"type":"Feature","id":401903,"properties":{"OBJECTID":401903,"PRIMENAME":"East Center Street","ELEVTYP_F":0,"ELEVTYP_T":0},"geometry":{"type":"LineString","coordinates":[[-74.0270169331772,40.1921363028894],[-74.0270322346677,40.1920755058948],[-74.0270514141877,40.191999320496],[-74.0271530275029,40.1917196400514],[-74.0272515760047,40.1914483953199],[-74.0272785576236,40.1913741358546]]}},{"type":"Feature","id":403133,"properties":{"OBJECTID":403133,"PRIMENAME":"East Center Street","ELEVTYP_F":0,"ELEVTYP_T":0},"geometry":{"type":"LineString","coordinates":[[-74.0270102939076,40.1921626880575],[-74.0270169331772,40.1921363028894]]}},{"type":"Feature","id":410791,"properties":{"OBJECTID":410791,"PRIMENAME":"Brinley Avenue","ELEVTYP_F":0,"ELEVTYP_T":0},"geometry":{"type":"LineString","coordinates":[[-74.0347988425092,40.2055737400063],[-74.0347680499295,40.205574335893]]}},{"type":"Feature","id":466058,"properties":{"OBJECTID":466058,"PRIMENAME":"FR MERRIT PL TO NJ 35 NB","ELEVTYP_F":0,"ELEVTYP_T":0},"geometry":{"type":"LineString","coordinates":[[-74.0276150565575,40.1967438692949],[-74.0276633103294,40.1967151986767],[-74.0277042756926,40.1966975892063],[-74.0277269341228,40.1966934493776],[-74.0277573049005,40.19669145669],[-74.0278078115884,40.19669085661]]}},{"type":"Feature","id":466059,"properties":{"OBJECTID":466059,"PRIMENAME":"Merritt Avenue","ELEVTYP_F":0,"ELEVTYP_T":0},"geometry":{"type":"LineString","coordinates":[[-74.0276720299087,40.196548988691],[-74.0276614323602,40.1966136183707],[-74.0276490199005,40.1966552617399],[-74.0276150565575,40.1967438692949]]}},{"type":"Feature","id":466060,"properties":{"OBJECTID":466060,"PRIMENAME":"State Highway 35","ELEVTYP_F":0,"ELEVTYP_T":0},"geometry":{"type":"LineString","coordinates":[[-74.0276720299087,40.196548988691],[-74.0278078115884,40.19669085661]]}}]}
